#Country localisation;;;;;;;;;;;;;;
ABU;Abu Dhabi;Abu Dhabi;Abu Dhabi;;;;;;;;;;;
ABU_ADJ;Abu Dhabian;Abu Dhabian;Abu Dhabian;;;;;;;;;;;
ABU_feudal_monarchy;Abu Dhabi;Abu Dhabi;Abu Dhabi;;;;;;;;;;;
ABU_feudal_monarchy_ADJ;Abu Dhabian;Abu Dhabian;Abu Dhabian;;;;;;;;;;;
ABU_absolute_monarchy;Abu Dhabi;Abu Dhabi;Abu Dhabi;;;;;;;;;;;
ABU_absolute_monarchy_ADJ;Abu Dhabian;Abu Dhabian;Abu Dhabian;;;;;;;;;;;
ABU_prussian_constitutionalism;The United Emirates;The United Emirates;The United Emirates;;;;;;;;;;;
ABU_prussian_constitutionalism_ADJ;Emirati;Emirati;Emirati;;;;;;;;;;;
ABU_hms_government;The United Emirates;The United Emirates;The United Emirates;;;;;;;;;;;
ABU_hms_government_ADJ;Emirati;Emirati;Emirati;;;;;;;;;;;
ABU_democracy;Eastern Arabia;Eastern Arabia;Eastern Arabia;;;;;;;;;;;
ABU_democracy_ADJ;Khaleeji;Khaleeji;Khaleeji;;;;;;;;;;;
ABU_parliamentary_republic;Eastern Arabia;Eastern Arabia;Eastern Arabia;;;;;;;;;;;
ABU_parliamentary_republic_ADJ;Khaleeji;Khaleeji;Khaleeji;;;;;;;;;;;
ABU_presidential_dictatorship;Eastern Arabia;Eastern Arabia;Eastern Arabia;;;;;;;;;;;
ABU_presidential_dictatorship_ADJ;Khaleeji;Khaleeji;Khaleeji;;;;;;;;;;;
ABU_bourgeois_dictatorship;Eastern Arabia;Eastern Arabia;Eastern Arabia;;;;;;;;;;;
ABU_bourgeois_dictatorship_ADJ;Khaleeji;Khaleeji;Khaleeji;;;;;;;;;;;
ABU_proletarian_dictatorship;The Arab Jamahiriya;The Arab Jamahiriya;The Arab Jamahiriya;;;;;;;;;;;
ABU_proletarian_dictatorship_ADJ;Jamahir;Jamahir;Jamahir;;;;;;;;;;;
ABU_socialist_republic;The Arab Jamahiriya;The Arab Jamahiriya;The Arab Jamahiriya;;;;;;;;;;;
ABU_socialist_republic_ADJ;Jamahir;Jamahir;Jamahir;;;;;;;;;;;
ABU_fascist_dictatorship;The Falahid Caliphate;The Falahid Caliphate;The Falahid Caliphate;;;;;;;;;;;
ABU_fascist_dictatorship_ADJ;Falahid;Falahid;Falahid;;;;;;;;;;;
ABU_fascist_monarchy;The Falahid Caliphate;The Falahid Caliphate;The Falahid Caliphate;;;;;;;;;;;
ABU_fascist_monarchy_ADJ;Falahid;Falahid;Falahid;;;;;;;;;;;
ADA;Adal;Adal;Adal;;;;;;;;;;;
ADA_ADJ;Adalan;Adalan;Adalan;;;;;;;;;;;
ADA_feudal_monarchy;The Adal Sultanate;The Adal Sultanate;The Adal Sultanate;;;;;;;;;;;
ADA_feudal_monarchy_ADJ;Adalan;Adalan;Adalan;;;;;;;;;;;
ADA_absolute_monarchy;The Adal Sultanate;The Adal Sultanate;The Adal Sultanate;;;;;;;;;;;
ADA_absolute_monarchy_ADJ;Adalan;Adalan;Adalan;;;;;;;;;;;
ADA_prussian_constitutionalism;The Adal Sultanate;The Adal Sultanate;The Adal Sultanate;;;;;;;;;;;
ADA_prussian_constitutionalism_ADJ;Adalan;Adalan;Adalan;;;;;;;;;;;
ADA_presidential_dictatorship;Awdal;Awdal;Awdal;;;;;;;;;;;;;
ADA_bourgeois_dictatorship;Awdal;Awdal;Awdal;;;;;;;;;;;
ADA_socialist_republic;Awdal;Awdal;Awdal;;;;;;;;;;;
ADA_proletarian_dictatorship;Awdal;Awdal;Awdal;;;;;;;;;;;
ADA_fascist_dictatorship;Beesha Direed;Beesha Direed;Beesha Direed;;;;;;;;;;;
ADA_fascist_dictatorship_ADJ;Dir;Dir;Dir;;;;;;;;;;;
ADA_fascist_monarchy;The Adal Empire;The Adal Empire;The Adal Empire;;;;;;;;;;;
ADA_fascist_monarchy_ADJ;Adalan;Adalan;Adalan;;;;;;;;;;;
ADR;Andhra;Andhra;Andhra;;;;;;;;;;;
ADR_ADJ;Andhra;Andhra;Andhra;;;;;;;;;;;
ADW;Adamawa;Adamawa;Adamawa;;;;;;;;;;;
ADW_ADJ;Adamawan;Adamawan;Adamawan;;;;;;;;;;;
ADW_feudal_monarchy;The Adamawa Emirate;The Adamawa Emirate;The Adamawa Emirate;;;;;;;;;;;
ADW_feudal_monarchy_ADJ;Adamawan;Adamawan;Adamawan;;;;;;;;;;;
ADW_absolute_monarchy;The Adamawa Emirate;The Adamawa Emirate;The Adamawa Emirate;;;;;;;;;;;
ADW_absolute_monarchy_ADJ;Adamawan;Adamawan;Adamawan;;;;;;;;;;;
ADW_prussian_constitutionalism;The Adamawa Emirate;The Adamawa Emirate;The Adamawa Emirate;;;;;;;;;;;
ADW_prussian_constitutionalism_ADJ;Adamawan;Adamawan;Adamawan;;;;;;;;;;;
ADW_hms_government;The Adamawa Emirate;The Adamawa Emirate;The Adamawa Emirate;;;;;;;;;;;
ADW_hms_government_ADJ;Adamawan;Adamawan;Adamawan;;;;;;;;;;;
ADW_fascist_monarchy;The Adamawa Emirate;The Adamawa Emirate;The Adamawa Emirate;;;;;;;;;;;
ADW_fascist_monarchy_ADJ;Adamawan;Adamawan;Adamawan;;;;;;;;;;;
AFG;Afghanistan;Afghanistan;Afghanistan;;;;;;;;;;;
AFG_ADJ;Afghan;Afghan;Afghanisch;;;;;;;;;;;
AFG_feudal_monarchy;The Sadozai Kingdom;The Sadozai Kingdom;The Sadozai Kingdom;;;;;;;;;;;
AFG_feudal_monarchy_ADJ;Sadozai;Sadozai;Sadozai;;;;;;;;;;;
AFG_absolute_monarchy;The Sadozai Kingdom;The Sadozai Kingdom;The Sadozai Kingdom;;;;;;;;;;;
AFG_absolute_monarchy_ADJ;Sadozai;Sadozai;Sadozai;;;;;;;;;;;
AFG_prussian_constitutionalism;The Sadozai Kingdom;The Sadozai Kingdom;The Sadozai Kingdom;;;;;;;;;;;
AFG_prussian_constitutionalism_ADJ;Sadozai;Sadozai;Sadozai;;;;;;;;;;;
AFG_fascist_monarchy;The Sadozai Empire;The Sadozai Empire;The Sadozai Empire;;;;;;;;;;;
AFG_fascist_monarchy_ADJ;Sadozai;Sadozai;Sadozai;;;;;;;;;;;
AFS;Turkmenistan;Turkmenistan;Turkmenistan;;;;;;;;;;;
AFS_ADJ;Turkmen;Turkmen;Turkmen;;;;;;;;;;;
AFS_feudal_monarchy;The Afsharid Dynasty;The Afsharid Dynasty;The Afsharid Dynasty;;;;;;;;;;;
AFS_feudal_monarchy_ADJ;Afsharid;Afsharid;Afsharid;;;;;;;;;;;
AFS_absolute_monarchy;The Afsharid Dynasty;The Afsharid Dynasty;The Afsharid Dynasty;;;;;;;;;;;
AFS_absolute_monarchy_ADJ;Afsharid;Afsharid;Afsharid;;;;;;;;;;;
AFS_prussian_constitutionalism;The Afsharids;The Afsharids;The Afsharids;;;;;;;;;;;
AFS_prussian_constitutionalism_ADJ;Afsharid;Afsharid;Afsharid;;;;;;;;;;;
AFS_hms_government;Turkmenistan;Turkmenistan;Turkmenistan;;;;;;;;;;;
AFS_hms_government_ADJ;Turkmen;Turkmen;Turkmen;;;;;;;;;;;
AFS_democracy;Turkmenistan;Turkmenistan;Turkmenistan;;;;;;;;;;;
AFS_democracy_ADJ;Turkmen;Turkmen;Turkmen;;;;;;;;;;;
AFS_parliamentary_republic;Turkmenistan;Turkmenistan;Turkmenistan;;;;;;;;;;;
AFS_parliamentary_republic_ADJ;Turkmen;Turkmen;Turkmen;;;;;;;;;;;
AFS_presidential_dictatorship;Turkmenia;Turkmenia;Turkmenia;;;;;;;;;;;
AFS_presidential_dictatorship_ADJ;Turkmen;Turkmen;Turkmen;;;;;;;;;;;
AFS_bourgeois_dictatorship;Turkmenia;Turkmenia;Turkmenia;;;;;;;;;;;
AFS_bourgeois_dictatorship_ADJ;Turkmen;Turkmen;Turkmen;;;;;;;;;;;
AFS_proletarian_dictatorship;Transcaspia;Transcaspia;Transcaspia;;;;;;;;;;;
AFS_proletarian_dictatorship_ADJ;Transcaspian;Transcaspian;Transcaspian;;;;;;;;;;;
AFS_socialist_republic;Transcaspia;Transcaspia;Transcaspia;;;;;;;;;;;
AFS_socialist_republic_ADJ;Transcaspian;Transcaspian;Transcaspian;;;;;;;;;;;
AFS_fascist_dictatorship;Turkmenia;Turkmenia;Turkmenia;;;;;;;;;;;
AFS_fascist_dictatorship_ADJ;Turkmen;Turkmen;Turkmen;;;;;;;;;;;
AFS_fascist_monarchy;Turkmen Empire;Turkmen Empire;Turkmen Empire;;;;;;;;;;;
AFS_fascist_monarchy_ADJ;Turkmen;Turkmen;Turkmen;;;;;;;;;;;
AIN;Ainu;;;;;;;;;;;;;
AIN_ADJ;Ainu;;;;;;;;;;;;;
AIN_democracy;Ainu Mosir;Ainu Mosir;Ainu Mosir;;;;;;;;;;;
AIN_parliamentary_republic;Ainu Mosir;Ainu Mosir;Ainu Mosir;;;;;;;;;;;
AIN_proletarian_dictatorship;Ainujin;Ainujin;Ainujin;;;;;;;;;;;
AIN_socialist_republic;Ainujin;Ainujin;Ainujin;;;;;;;;;;;
AIN_fascist_dictatorship;Ainu Mosir;Ainu Mosir;Ainu Mosir;;;;;;;;;;;
AJU;Ajuuraan;Ajuuraan;Ajuuraan;;;;;;;;;;;
AJU_ADJ;Ajuran;Ajuran;Ajuran;;;;;;;;;;;
AJU_feudal_monarchy;The Ajuuraan Sultanate;The Ajuuraan Sultanate;The Ajuuraan Sultanate;;;;;;;;;;;
AJU_feudal_monarchy_ADJ;Ajuran;Ajuran;Ajuran;;;;;;;;;;;
AJU_absolute_monarchy;The Ajuuraan Sultanate;The Ajuuraan Sultanate;The Ajuuraan Sultanate;;;;;;;;;;;
AJU_absolute_monarchy_ADJ;Ajuran;Ajuran;Ajuran;;;;;;;;;;;
AJU_prussian_constitutionalism;The Ajuuraan Sultanate;The Ajuuraan Sultanate;The Ajuuraan Sultanate;;;;;;;;;;;
AJU_prussian_constitutionalism_ADJ;Ajuran;Ajuran;Ajuran;;;;;;;;;;;
AJU_hms_government;Ajuuraan;Ajuuraan;Ajuuraan;;;;;;;;;;;
AJU_hms_government_ADJ;Ajuran;Ajuran;Ajuran;;;;;;;;;;;
AJU_fascist_monarchy;Ajuuraan;Ajuuraan;Ajuuraan;;;;;;;;;;;
AJU_fascist_monarchy_ADJ;Ajuran;Ajuran;Ajuran;;;;;;;;;;;
AJU_democracy;Hirshabelle;Hirshabelle;Hirshabelle;;;;;;;;;;;
AJU_democracy_ADJ;Shabeelle;Shabeelle;Shabeelle;;;;;;;;;;;
AJU_parliamentary_republic;Hirshabelle;Hirshabelle;Hirshabelle;;;;;;;;;;;
AJU_parliamentary_republic_ADJ;Shabeelle;Shabeelle;Shabeelle;;;;;;;;;;;
AJU_presidential_dictatorship;The Hirshabelle State;The Hirshabelle State;The Hirshabelle State;;;;;;;;;;;
AJU_presidential_dictatorship_ADJ;Shabeelle;Shabeelle;Shabeelle;;;;;;;;;;;
AJU_bourgeois_dictatorship;The Hirshabelle State;The Hirshabelle State;The Hirshabelle State;;;;;;;;;;;
AJU_bourgeois_dictatorship_ADJ;Shabeelle;Shabeelle;Shabeelle;;;;;;;;;;;
AJU_proletarian_dictatorship;Hirshabelle;Hirshabelle;Hirshabelle;;;;;;;;;;;
AJU_proletarian_dictatorship_ADJ;Shabeelle;Shabeelle;Shabeelle;;;;;;;;;;;
AJU_socialist_republic;Hirshabelle;Hirshabelle;Hirshabelle;;;;;;;;;;;
AJU_socialist_republic_ADJ;Shabeelle;Shabeelle;Shabeelle;;;;;;;;;;;
AJU_fascist_dictatorship;The Islamic Courts;The Islamic Courts;The Islamic Courts;;;;;;;;;;;
AJU_fascist_dictatorship_ADJ;Shabaab;Shabaab;Shabaab;;;;;;;;;;;
ALB;Albania;Albanie;Albanien;;Albania;;;;;;;;;
ALB_ADJ;Albanian;Albanais;Albanisch;;Alana;;;;;;;;;
ALB_absolute_monarchy;The Principality of Albania;The Principality of Albania;The Principality of Albania;;;;;;;;;;;
ALB_prussian_constitutionalism;The Principality of Albania;The Principality of Albania;The Principality of Albania;;;;;;;;;;;
ALB_proletarian_dictatorship;The Republic of Albania;The Republic of Albania;The Republic of Albania;;;;;;;;;;;
ALB_fascist_dictatorship;Shqiperia;Shqiperia;Shqiperia;;;;;;;;;;;
ALB_fascist_dictatorship_ADJ;Shqiptar;Shqiptar;Shqiptar;;;;;;;;;;;
ALD;Numidia;;;;;;;;;;;;;
ALD_ADJ;Numidian;;;;;;;;;;;;;
ALH;Kuwait;Kuwait;Kuwait;;;;;;;;;;;
ALH_ADJ;Kuwaiti;Kuwaiti;Kuwaiti;;;;;;;;;;;
ALH_hms_government;Kuwait;Kuwait;Kuwait;;;;;;;;;;;
ALH_hms_government_ADJ;Kuwaiti;Kuwaiti;Kuwaiti;;;;;;;;;;;
ALH_democracy;Kuwait;Kuwait;Kuwait;;;;;;;;;;;
ALH_democracy_ADJ;Kuwaiti;Kuwaiti;Kuwaiti;;;;;;;;;;;
ALH_parliamentary_republic;Kuwait;Kuwait;Kuwait;;;;;;;;;;;
ALH_parliamentary_republic_ADJ;Kuwaiti;Kuwaiti;Kuwaiti;;;;;;;;;;;
ALH_presidential_dictatorship;State of Kuwait;State of Kuwait;State of Kuwait;;;;;;;;;;;
ALH_presidential_dictatorship_ADJ;Kuwaiti;Kuwaiti;Kuwaiti;;;;;;;;;;;
ALH_bourgeois_dictatorship;State of Kuwait;State of Kuwait;State of Kuwait;;;;;;;;;;;
ALH_bourgeois_dictatorship_ADJ;Kuwaiti;Kuwaiti;Kuwaiti;;;;;;;;;;;
ALH_proletarian_dictatorship;The Republic of Kuwait;The Republic of Kuwait;The Republic of Kuwait;;;;;;;;;;;
ALH_proletarian_dictatorship_ADJ;Kuwaiti;Kuwaiti;Kuwaiti;;;;;;;;;;;
ALH_socialist_republic;The Republic of Kuwait;The Republic of Kuwait;The Republic of Kuwait;;;;;;;;;;;
ALH_socialist_republic_ADJ;Kuwaiti;Kuwaiti;Kuwaiti;;;;;;;;;;;
ALH_fascist_dictatorship;Al-Ahsa;Al-Ahsa;Al-Ahsa;;;;;;;;;;;
ALH_fascist_dictatorship_ADJ;Ahsalese;Ahsalese;Ahsalese;;;;;;;;;;;
ALH_fascist_monarchy;Al-Ahsa;Al-Ahsa;Al-Ahsa;;;;;;;;;;;
ALH_fascist_monarchy_ADJ;Ahsalese;Ahsalese;Ahsalese;;;;;;;;;;;
AMA;Amazonie;Amazonie;Amazonie;;;;;;;;;;;
AMA_ADJ;Amazonian;Amazonian;Amazonian;;;;;;;;;;;
AMA_feudal_monarchy;New Brittany;New Brittany;New Brittany;;;;;;;;;;;
AMA_feudal_monarchy_ADJ;Armorican;Armorican;Armorican;;;;;;;;;;;
AMA_absolute_monarchy;The Empire of Amazonie;The Empire of Amazonie;The Empire of Amazonie;;;;;;;;;;;
AMA_absolute_monarchy_ADJ;Amazonian;Amazonian;Amazonian;;;;;;;;;;;
AMA_prussian_constitutionalism;The Empire of Amazonie;The Empire of Amazonie;The Empire of Amazonie;;;;;;;;;;;
AMA_prussian_constitutionalism_ADJ;Amazonian;Amazonian;Amazonian;;;;;;;;;;;
AMA_hms_government;The Empire of Amazonie;The Empire of Amazonie;The Empire of Amazonie;;;;;;;;;;;
AMA_hms_government_ADJ;Amazonian;Amazonian;Amazonian;;;;;;;;;;;
AMA_fascist_monarchy;The Empire of Amazonie;The Empire of Amazonie;The Empire of Amazonie;;;;;;;;;;;
AMA_fascist_monarchy_ADJ;Amazonian;Amazonian;Amazonian;;;;;;;;;;;
AMA_democracy;Amazonie;Amazonie;Amazonie;;;;;;;;;;;
AMA_democracy_ADJ;Amazonian;Amazonian;Amazonian;;;;;;;;;;;
AMA_parliamentary_republic;Amazonie;Amazonie;Amazonie;;;;;;;;;;;
AMA_parliamentary_republic_ADJ;Amazonian;Amazonian;Amazonian;;;;;;;;;;;
AMA_presidential_dictatorship;The Amazonian Union;The Amazonian Union;The Amazonian Union;;;;;;;;;;;
AMA_presidential_dictatorship_ADJ;Amazonian;Amazonian;Amazonian;;;;;;;;;;;
AMA_bourgeois_dictatorship;The Amazonian Union;The Amazonian Union;The Amazonian Union;;;;;;;;;;;
AMA_bourgeois_dictatorship_ADJ;Amazonian;Amazonian;Amazonian;;;;;;;;;;;
AMA_proletarian_dictatorship;The Amazonian Union;The Amazonian Union;The Amazonian Union;;;;;;;;;;;
AMA_proletarian_dictatorship_ADJ;Amazonian;Amazonian;Amazonian;;;;;;;;;;;
AMA_socialist_republic;The Amazonian Union;The Amazonian Union;The Amazonian Union;;;;;;;;;;;
AMA_socialist_republic_ADJ;Amazonian;Amazonian;Amazonian;;;;;;;;;;;
AMA_fascist_dictatorship;Antarctique;Antarctique;Antarctique;;;;;;;;;;;
AMA_fascist_dictatorship_ADJ;Antarctique;Antarctique;Antarctique;;;;;;;;;;;
AMT;Amatsa;Amatsa;Amatsa;;;;;;;;;;;
AMT_ADJ;Amatsa;Amatsa;Amatsa;;;;;;;;;;;
ANG;Angola;;;;;;;;;;;;;
ANG_ADJ;Angolan;;;;;;;;;;;;;
ANI;Anishinabe;Anishinabe;Anishinabe;;;;;;;;;;;
ANI_ADJ;Anishinabe;Anishinabe;Anishinabe;;;;;;;;;;;
AOT;Aotearoa;Aotearoa;Aotearoa;;;;;;;;;;;
AOT_ADJ;Aotearoan;Aotearoain;Aotearoan;;;;;;;;;;;
ARA;Aragon;Aragon;Aragon;;;;;;;;;;;
ARA_ADJ;Aragonese;Aragonese;Aragonese;;;;;;;;;;;
ARA_feudal_monarchy;The Crown of Aragon;The Crown of Aragon;The Crown of Aragon;;;;;;;;;;;
ARA_feudal_monarchy_ADJ;Aragonese;Aragonese;Aragonese;;;;;;;;;;;
ARA_absolute_monarchy;The Crown of Aragon;The Crown of Aragon;The Crown of Aragon;;;;;;;;;;;
ARA_absolute_monarchy_ADJ;Aragonese;Aragonese;Aragonese;;;;;;;;;;;
ARA_prussian_constitutionalism;Aragon;Aragon;Aragon;;;;;;;;;;;
ARA_prussian_constitutionalism_ADJ;Aragonese;Aragonese;Aragonese;;;;;;;;;;;
ARA_hms_government;Aragon;Aragon;Aragon;;;;;;;;;;;
ARA_hms_government_ADJ;Aragonese;Aragonese;Aragonese;;;;;;;;;;;
ARA_democracy;Aragon;Aragon;Aragon;;;;;;;;;;;
ARA_democracy_ADJ;Aragonese;Aragonese;Aragonese;;;;;;;;;;;
ARA_parliamentary_republic;Aragon;Aragon;Aragon;;;;;;;;;;;
ARA_parliamentary_republic_ADJ;Aragonese;Aragonese;Aragonese;;;;;;;;;;;
ARA_presidential_dictatorship;The Aragonese Union;The Aragonese Union;The Aragonese Union;;;;;;;;;;;
ARA_presidential_dictatorship_ADJ;Aragonese;Aragonese;Aragonese;;;;;;;;;;;
ARA_bourgeois_dictatorship;The Aragonese Union;The Aragonese Union;The Aragonese Union;;;;;;;;;;;
ARA_bourgeois_dictatorship_ADJ;Aragonese;Aragonese;Aragonese;;;;;;;;;;;
ARA_proletarian_dictatorship;The Aragonese Republics;The Aragonese Republics;The Aragonese Republics;;;;;;;;;;;
ARA_proletarian_dictatorship_ADJ;Aragonese;Aragonese;Aragonese;;;;;;;;;;;
ARA_socialist_republic;The Aragonese Federation;The Aragonese Federation;The Aragonese Federation;;;;;;;;;;;
ARA_socialist_republic_ADJ;Aragonese;Aragonese;Aragonese;;;;;;;;;;;
ARA_fascist_monarchy;The Aragonese Empire;The Aragonese Empire;The Aragonese Empire;;;;;;;;;;;
ARA_fascist_monarchy_ADJ;Aragonese;Aragonese;Aragonese;;;;;;;;;;;
ARA_fascist_dictatorship;The Generalitat;The Generalitat;The Generalitat;;;;;;;;;;;
ARA_fascist_dictatorship_ADJ;Aragonese;Aragonese;Aragonese;;;;;;;;;;;
ARC;Arcadia;Arcadia;Arcadia;;;;;;;;;;;
ARC_ADJ;Arcadian;Arcadian;Arcadian;;;;;;;;;;;
ARC_feudal_monarchy;The Arcadian Empire;The Arcadian Empire;The Arcadian Empire;;;;;;;;;;;
ARC_feudal_monarchy_ADJ;Arcadian;Arcadian;Arcadian;;;;;;;;;;;
ARC_absolute_monarchy;The Arcadian Empire;The Arcadian Empire;The Arcadian Empire;;;;;;;;;;;
ARC_absolute_monarchy_ADJ;Arcadian;Arcadian;Arcadian;;;;;;;;;;;
ARC_prussian_constitutionalism;The Arcadian Empire;The Arcadian Empire;The Arcadian Empire;;;;;;;;;;;
ARC_prussian_constitutionalism_ADJ;Arcadian;Arcadian;Arcadian;;;;;;;;;;;
ARC_hms_government;The Arcadian Empire;The Arcadian Empire;The Arcadian Empire;;;;;;;;;;;
ARC_hms_government_ADJ;Arcadian;Arcadian;Arcadian;;;;;;;;;;;
ARC_democracy;The Arcadian Union;The Arcadian Union;The Arcadian Union;;;;;;;;;;;
ARC_democracy_ADJ;Arcadian;Arcadian;Arcadian;;;;;;;;;;;
ARC_parliamentary_republic;The Arcadian Union;The Arcadian Union;The Arcadian Union;;;;;;;;;;;
ARC_parliamentary_republic_ADJ;Arcadian;Arcadian;Arcadian;;;;;;;;;;;
ARC_presidential_dictatorship;The Republic of Arcadia;The Republic of Arcadia;The Republic of Arcadia;;;;;;;;;;;
ARC_presidential_dictatorship_ADJ;Arcadian;Arcadian;Arcadian;;;;;;;;;;;
ARC_bourgeois_dictatorship;Confederated Arcadia;Confederated Arcadia;Confederated Arcadia;;;;;;;;;;;
ARC_bourgeois_dictatorship_ADJ;Arcadian;Arcadian;Arcadian;;;;;;;;;;;
ARC_proletarian_dictatorship;United Republics of Arcadia;United Republics of Arcadia;United Republics of Arcadia;;;;;;;;;;;
ARC_proletarian_dictatorship_ADJ;Arcadian;Arcadian;Arcadian;;;;;;;;;;;
ARC_socialist_republic;United Republics of Arcadia;United Republics of Arcadia;United Republics of Arcadia;;;;;;;;;;;
ARC_socialist_republic_ADJ;Arcadian;Arcadian;Arcadian;;;;;;;;;;;
ARC_fascist_dictatorship;The Arcadian Freehold;The Arcadian Freehold;The Arcadian Freehold;;;;;;;;;;;
ARC_fascist_dictatorship_ADJ;Arcadian;Arcadian;Arcadian;;;;;;;;;;;
ARC_fascist_monarchy;The Greater Arcadian Empire;The Greater Arcadian Empire;The Greater Arcadian Empire;;;;;;;;;;;
ARC_fascist_monarchy_ADJ;Arcadian;Arcadian;Arcadian;;;;;;;;;;;
ARE;Arequipa;Arequipa;Arequipa;;;;;;;;;;;
ARE_ADJ;Arequipan;Arequipien;Arequipan;;;;;;;;;;;
ARI;Aragon-Italy;Aragon-Italie;Aragon-Italien;;;;;;;;;;;
ARI_ADJ;Aragonese-Italian;Aragonais-Italienne;Aragonisch-Italienisch;;;;;;;;;;;
ARI_absolute_monarchy;Latin Empire;;;;;;;;;;;;;
ARI_absolute_monarchy_ADJ;Latin;;;;;;;;;;;;;
ARI_prussian_constitutionalism;Latin Empire;;;;;;;;;;;;;
ARI_prussian_constitutionalism_ADJ;Latin;;;;;;;;;;;;;
ARI_hms_government;Latin Empire;;;;;;;;;;;;;
ARI_hms_government_ADJ;Latin;;;;;;;;;;;;;
ARI_proletarian_dictatorship;Mediterranean Union;;;;;;;;;;;;;
ARI_proletarian_dictatorship_ADJ;Mediterranean;;;;;;;;;;;;;
ARI_socialist_republic;Mediterranean Federation;;;;;;;;;;;;;
ARI_socialist_republic_ADJ;Mediterranean;;;;;;;;;;;;;
ARI_fascist_dictatorship;The Latin Republic;;;;;;;;;;;;;
ARI_fascist_dictatorship_ADJ;Latin;;;;;;;;;;;;;
ARI_fascist_monarchy;The Latin Empire;;;;;;;;;;;;;
ARI_fascist_monarchy_ADJ;Latin;;;;;;;;;;;;;
ARM;Armenia;Arménie;Armenien;;Armenia;;;;;;;;;
ARM_ADJ;Armenian;Arménien;Armenisch;;Armenia;;;;;;;;;
ARU;Wallmapu;Mapuche;Mapuche;;;;;;;;;;;
ARU_ADJ;Mapuche;Mapuche;Mapuche;;;;;;;;;;;
ARU_absolute_monarchy;Kingdom of Araucania;;;;;;;;;;;;;
ARU_absolute_monarchy_ADJ;Araucanian;;;;;;;;;;;;;
ARU_prussian_constitutionalism;Kingdom of Araucania ;;;;;;;;;;;;;
ARU_prussian_constitutionalism_ADJ;Araucanian;;;;;;;;;;;;;
ARU_hms_government;Kingdom of Araucania;;;;;;;;;;;;;
ARU_hms_government_ADJ;Araucanian;;;;;;;;;;;;;
ARY;Aryanam;;;;;;;;;;;;;
ARY_ADJ;Aryan;;;;;;;;;;;;;
ASH;Ashanti;Ashanti;Aschanti;;Asantia;;;;;;;;;
ASH_ADJ;Ashanti;;;;;;;;;;;;;
ASH_proletarian_dictatorship;Ghana;Ghana;Ghana;;Ghana;;;;;;;;;
ASH_proletarian_dictatorship_ADJ;Ghanaian;Ghanaian;Ghanaisch;;Ghanés;;;;;;;;;
ASH_presidential_dictatorship;Ghana;Ghana;Ghana;;Ghana;;;;;;;;;
ASH_presidential_dictatorship_ADJ;Ghanaian;Ghanaian;Ghanaisch;;Ghanés;;;;;;;;;
ASH_bourgeois_dictatorship;Ghana;Ghana;Ghana;;Ghana;;;;;;;;;
ASH_bourgeois_dictatorship_ADJ;Ghanaian;Ghanaian;Ghanaisch;;Ghanés;;;;;;;;;
ASH_fascist_dictatorship;Ghana;Ghana;Ghana;;Ghana;;;;;;;;;
ASH_fascist_dictatorship_ADJ;Ghanaian;Ghanaian;Ghanaisch;;Ghanés;;;;;;;;;
ASH_democracy;Ghana;Ghana;Ghana;;Ghana;;;;;;;;;
ASH_democracy_ADJ;Ghanaian;Ghanaian;Ghanaisch;;Ghanés;;;;;;;;;
ASH_parliamentary_republic;Ghana;Ghana;Ghana;;Ghana;;;;;;;;;
ASH_parliamentary_republic_ADJ;Ghanaian;Ghanaian;Ghanaisch;;Ghanés;;;;;;;;;
ASK;Astrakhan;;;;;;;;;;;;;
ASK_ADJ;Astrakhan;Astrakhanien;Astrachanisch;;;;;;;;;;;
ASK_feudal_monarchy;Astrakhan Khanate;Khanat d'Astrakhan;Khanat Astrachan;;;;;;;;;;;
ASK_absolute_monarchy;Astrakhan Khanate;Khanat d'Astrakhan;Khanat Astrachan;;;;;;;;;;;
ASM;Assam;;;;;;;;;;;;;
ASM_ADJ;Assamese;;;;;;;;;;;;;
ASY;Assyria;;;;;;;;;;;;;
ASY_ADJ;Assyrian;;;;;;;;;;;;;
ATJ;Atjeh;Aceh;Atjeh;;Atjeh;;;;;;;;;
ATJ_ADJ;Atjehnese;Aceh;Atjehnesisch;;;;;;;;;;;
ATL;Atlantia;;;;;;;;;;;;;
ATL_ADJ;Atlantian;;;;;;;;;;;;;
ATS;Athesia;Athesia;Athesia;;;;;;;;;;;
ATS_ADJ;Athesian;Athesien;Athesisch;;;;;;;;;;;
AUS;Austria;Autriche;Österreich;;Austria;;;;;;;;;
AUS_ADJ;Austrian;Autrichien;Österreichisch;;Austríaca;;;;;;;;;
AVA;Taragui;Taragui;Taragui;;;;;;;;;;;
AVA_ADJ;Guarani;Guarani;Guarani;;;;;;;;;;;
AWA;Awadh;Avadh;Awadh;;Awadh;;;;;;;;;
AWA_ADJ;Awadhi;Awadhi;Awadhi;;;;;;;;;;;
AYM;Aymara;Aymara;Aymara;;Aymara;;;;;;;;;
AYM_ADJ;Aimara;Aimara;Aimara;;;;;;;;;;;
AZA;Azande;Azande;Azande;;Azande;;;;;;;;;
AZA_ADJ;Zande;Zande;Zande;;;;;;;;;;;
AZB;Azerbaijan;Azerbaidjan;Aserbaidschan;;;;;;;;;;;
AZB_ADJ;Azeri;;;;;;;;;;;;;
AZB_feudal_monarchy;The Safavid Empire;The Safavid Empire;The Safavid Empire;;;;;;;;;;;
AZB_feudal_monarchy_ADJ;Safavid;Safavid;Safavid;;;;;;;;;;;
AZB_absolute_monarchy;The Safavid Empire;The Safavid Empire;The Safavid Empire;;;;;;;;;;;
AZB_absolute_monarchy_ADJ;Safavid;Safavid;Safavid;;;;;;;;;;;
AZB_prussian_constitutionalism;The Safavid Empire;The Safavid Empire;The Safavid Empire;;;;;;;;;;;
AZB_prussian_constitutionalism_ADJ;Safavid;Safavid;Safavid;;;;;;;;;;;
AZB_fascist_monarchy;The Safavid Empire;The Safavid Empire;The Safavid Empire;;;;;;;;;;;
AZB_fascist_monarchy_ADJ;Safavid;Safavid;Safavid;;;;;;;;;;;
AZL;The Amerigan Federation;;;;;;;;;;;;;
AZL_ADJ;Ameriguain;;;;;;;;;;;;;
AZL_proletarian_dictatorship;The USRA;;;;;;;;;;;;;
AZL_fascist_dictatorship;The Amerigan State;;;;;;;;;;;;;
AZL_fascist_monarchy;The Amerigan Empire;;;;;;;;;;;;;
AZL_absolute_monarchy;The Amerigan Empire;;;;;;;;;;;;;
AZL_prussian_constitutionalism;The Amerigan Empire;;;;;;;;;;;;;
AZL_hms_government;The Amerigan Empire;;;;;;;;;;;;;
AZT;Aztlan;Aztlan;Aztlan;Aztlan;;;;;;;;;;
AZT_ADJ;Nahuatl;Nahuatl;Nahuatl;;Nahuatl;;;;;;;;;
AZT_fascist_dictatorship;Aztec Empire;;;;;;;;;;;;;
BAD;Baden;Bade;Baden;;Baden;;;;;;;;;
BAD_ADJ;Baden;Bade;Baden;;;;;;;;;;;
BAL;Bali;Bali;Bali;;Bali;;;;;;;;;
BAL_ADJ;Balinese;Balinais;Balinesisch;;;;;;;;;;;
BAV;Bavaria;Bavière;Bayern;;Baviera;;;;;;;;;
BAV_ADJ;Bavarian;Bavarois;Bayerisch;;;;;;;;;;;
BEG;Berg;;;;;;;;;;;;;
BEG_ADJ;Bergian;;;;;;;;;;;;;
BEN;Bengal;Bengale;Bengalen;;;;;;;;;;;
BEN_ADJ;Bengali;Bengali;Bengalisch;;;;;;;;;;;
BER;Beroda;Beroda;Beroda;;Baroda;;;;;;;;;
BER_ADJ;Berodan;Bérodien;Berodanisch;;;;;;;;;;;
BHA;Bharata;Bharata;Bharata;;;;;;;;;;;
BHA_ADJ;Bharatiya;Bharatiya;Bharatiya;;;;;;;;;;;
BHA_proletarian_dictatorship;Bharatiya Commune;;;;;;;;;;;;;
BHO;Maharashtra;Maharashtra;Maharashtra;;;;;;;;;;;
BHO_ADJ;Maharashtran;Maharashtrien;Maharashtran;;;;;;;;;;;
BHU;Bhutan;Bhoutan;Bhutan;;Bután;;;;;;;;;
BHU_ADJ;Bhutanese;Bhoutanais;Bhutanesisch;;;;;;;;;;;
BIH;Bihar;Bihar;Bihar;;;;;;;;;;;
BIH_ADJ;Bihari;Bihari;Bihari;;;;;;;;;;;
BIK;Bikaner;Bikaner;Bikaner;;Bîkâner;;;;;;;;;
BIK_ADJ;Bikaneri;Bikaneri;Bikaneri;;;;;;;;;;;
BLR;Byelorussia;Biélorussie;Weißrussland;;;;;;;;;;;
BLR_ADJ;Byelorussian;Biélorusse;Weißrussisch;;;;;;;;;;;
BOH;Bohemia;Boheme;Böhmen;;;;;;;;;;;
BOH_ADJ;Bohemian;Bohémien;Böhmisch;;;;;;;;;;;
BOH_proletarian_dictatorship;Bohemian Protectorate;;;;;;;;;;;;;
BOH_socialist_republic;Popular Bohemian Republic;;;;;;;;;;;;;
BOH_presidential_dictatorship;Bohemia-Moravia;;;;;;;;;;;;;
BOH_bourgeois_dictatorship;Bohemia-Moravia;;;;;;;;;;;;;
BOH_fascist_dictatorship;Greater Bohemia;;;;;;;;;;;;;
BOH_fascist_monarchy;Bohemian Empire;;;;;;;;;;;;;
BOH_democracy;Bohemia-Moravia;;;;;;;;;;;;;
BOH_parliamentary_republic;Bohemia-Moravia;;;;;;;;;;;;;
BOS;Bosnia-Herzegovina;Bosnie-Herzégovine;Bosnien-Herzegowina;;Bosnia-Herzegovina;;;;;;;;;
BOS_ADJ;Bosnian;Bosniaque;Bosnisch;;Bosnia;;;;;;;;;
BRA;Braunschweig;Brunswick;Braunschweig ;;Brunswick;;;;;;;;;
BRA_ADJ;Braunschweigian;Brunswickois;Braunschweigisch;;;;;;;;;;;
BRD;Burundi;Burundi;Burundi;;Burundi;;;;;;;;;
BRD_ADJ;Burundian;Burundaise;Burundische;;;;;;;;;;;
BRE;Bremen;Brême;Bremen;;Bremen;;;;;;;;;
BRE_ADJ;Bremian;Brêmois;Bremisch;;;;;;;;;;;
BRG;Burgundy;Bourgogne;Burgund;;;;;;;;;;;
BRG_ADJ;Burgundian;Bourguinion;Burgundisch;;;;;;;;;;;
BRG_proletarian_dictatorship;The DPRB;;;;;;;;;;;;;
BRG_socialist_republic;The DPRB;;;;;;;;;;;;;
BRG_presidential_dictatorship;The Burgundian Republic;;;;;;;;;;;;;
BRG_bourgeois_dictatorship;The Burgundian Republic;;;;;;;;;;;;;
BRG_fascist_dictatorship;The Directorate of Anvers;;;;;;;;;;;;;
BRG_fascist_monarchy;The Burgundian Empire;;;;;;;;;;;;;
BRG_democracy;The Burgundian Republic;;;;;;;;;;;;;
BRG_parliamentary_republic;The Burgundian Republic;;;;;;;;;;;;;
BRN;Brandenburg;Brandebourg;Brandenburg;;;;;;;;;;;
BRN_ADJ;Brandenburgian;Brandebourgien;Brandenburgisch;;;;;;;;;;;
BRT;Brittany;Bretagne;Brittany;;;;;;;;;;;
BRT_ADJ;Breton;Breton;Breton;;;;;;;;;;;
BRI;Brunei;Brunei;Brunei;;Brunei;;;;;;;;;
BRI_ADJ;Brunei;Brunéien;Brunei;;Brunei;;;;;;;;;
BSH;Lesotho;Basotho;Basotho;;Basotho;;;;;;;;;
BSH_ADJ;Basotho;Basotho;Basotho;;;;;;;;;;;
BTV;Batavia;Batavie;Batavia;;;;;;;;;;;
BTV_ADJ;Batavian;Batavien;Batavian;;;;;;;;;;;
BUG;Buganda;Buganda;Buganda;;Buganda;;;;;;;;;
BUG_ADJ;Bugandan;Bugandaise;Bugandische;;;;;;;;;;;
BUG_absolute_monarchy;Buganda;;;;;;;;;;;;;
BUG_absolute_monarchy_ADJ;Baganda;;;;;;;;;;;;;
BUG_prussian_constitutionalism;Buganda;;;;;;;;;;;;;
BUG_prussian_constitutionalism_ADJ;Baganda;;;;;;;;;;;;;
BUG_fascist_monarchy;Buganda;;;;;;;;;;;;;
BUG_fascist_monarchy_ADJ;Baganda;;;;;;;;;;;;;
BUL;Bulgaria;Bulgarie;Bulgarien;;Bulgaria;;;;;;;;;
BUL_ADJ;Bulgarian;Bulgare;Bulgarisch;;Búlgara;;;;;;;;;
BUN;Bundelkhand;Bundelkhand;Bundelkhand;;Bundelkhand;;;;;;;;;
BUN_ADJ;Bundeli;Bundeli;Bundeli;;;;;;;;;;;
BUR;Taungu;Myanmar;Myanmar;;;;;;;;;;;
BUR_ADJ;Burmese;Birman;Burmesisch;;;;;;;;;;;
CAE;The Elbian Confederation ;;;;;;;;;;;;;
CAE_ADJ;Elbian;;;;;;;;;;;;;
CAM;The Khmer Empire;Empire Khmer;Khmer-Reich;;;;;;;;;;;
CAM_ADJ;Khmer;Khmer;Khmerisch;;;;;;;;;;;
CAM_proletarian_dictatorship;The Khmer Republic;Republique Khmer;Khmer-Republik;;;;;;;;;;;
CAM_socialist_republic;The Khmer Republic;Republique Khmer;Khmer-Republik;;;;;;;;;;;
CAM_presidential_dictatorship;The Khmer Republic;Republique Khmer;Khmer-Republik;;;;;;;;;;;
CAM_bourgeois_dictatorship;The Khmer Republic;Republique Khmer;Khmer-Republik;;;;;;;;;;;
CAM_democracy;The Khmer Republic;Republique Khmer;Khmer-Republik;;;;;;;;;;;
CAM_parliamentary_republic;The Khmer Republic;Republique Khmer;Khmer-Republik;;;;;;;;;;;
CAS;Castilla;Castille;Castilla;;;;;;;;;;;
CAS_ADJ;Castillan;Castillan;Castillan;;;;;;;;;;;
CAT;Catalonia;Catalogne;Katalonien;;Cataluña;;;;;;;;;
CAT_ADJ;Catalonian;Catalan;Katalonisch;;;;;;;;;;;
CHE;Tsalagihi Ayeli;Tsalagihi Ayeli;Tsalagihi Ayeli;;;;;;;;;;;
CHE_ADJ;Cherokee;Cherokee;Cherokee;;;;;;;;;;;
CHG;The Dzungar Khanate;Khanat Dzoungare;Tschagatai Khanat;;;;;;;;;;;
CHG_ADJ;Dzungar;Djaghat;Tschagataiisch;;;;;;;;;;;
CHG_proletarian_dictatorship;Dzungaria;Dzungaria;Dzungaria;;;;;;;;;;;
CHG_presidential_dictatorship;Dzungaria;Dzungaria;Dzungaria;;;;;;;;;;;
CHG_bourgeois_dictatorship;Dzungaria;Dzungaria;Dzungaria;;;;;;;;;;;
CHG_fascist_dictatorship;Dzungaria;Dzungaria;Dzungaria;;;;;;;;;;;
CHG_democracy;Dzungaria;Dzungaria;Dzungaria;;;;;;;;;;;
CHG_parliamentary_republic;Dzungaria;Dzungaria;Dzungaria;;;;;;;;;;;
CHI;China;Chine;China;;China;;;;;;;;;
CHI_ADJ;Chinese;Chinois;Chinesisch;;China;;;;;;;;;
CHP;Champa;Champa;Champa;;;;;;;;;;;
CHP_ADJ;Champan;Champa;Champaisch;;;;;;;;;;;
CHR;Christiania;;;;;;;;;;;;;
CHR_ADJ;Christianian;;;;;;;;;;;;;
CIR;Circassia;Circassia;Circassia;;;;;;;;;;;
CIR_ADJ;Circassian;Circassian;Circassian;;;;;;;;;;;
CLM;Gran Colombia;Gran Colombia;Großkolumbien;;;;;;;;;;;
CLM_ADJ;Colombian;Colombien;Kolumbianisch;;Colombiana;;;;;;;;;
CLM_proletarian_dictatorship;Colombian Workers' Union;;;;;;;;;;;;;
CLM_socialist_republic;Colombian Workers' Republic;;;;;;;;;;;;;
CLM_absolute_monarchy;The Colombian Empire;;;;;;;;;;;;;
CLM_prussian_constitutionalism;The Colombian Empire;;;;;;;;;;;;;
CLM_hms_government;The Colombian Empire;;;;;;;;;;;;;
CLM_fascist_monarchy;The Colombian Empire;;;;;;;;;;;;;
CRC;Curacao;;;;;;;;;;;;;
CRC_ADJ;Curacaoan;;;;;;;;;;;;;
CRE;Crete;Crète;Kreta;;Creta;;;;;;;;;
CRE_ADJ;Cretian;Crétois;Kretisch;;;;;;;;;;;
CRI;Crimea;Crimée;Krim;;Crimea;;;;;;;;;
CRI_ADJ;Crimean;Criméen;Krim;;;;;;;;;;;
CRO;Illyria;;;;;;;;;;;;;
CRO_ADJ;Illyrian;;;;;;;;;;;;;
CUB;Kuba;Kuba;Kuba;;;;;;;;;;;
CUB_ADJ;Kuban;Kuban;Kuban;;;;;;;;;;;
CYP;Cyprus;Chypre;Zypern;;Chipre;;;;;;;;;
CYP_ADJ;Cypriot;Chypriote;Zypriotisch;;;;;;;;;;;
CYR;Cyrenaica;;;;;;;;;;;;;
CYR_ADJ;Cyrenaican;;;;;;;;;;;;;
DAG;Dagestan;Dagestan;Dagestan;;;;;;;;;;;
DAG_ADJ;Dagestani;Dagestani;Dagestani;;;;;;;;;;;
DAG_absolute_monarchy;Caucasian Imamate;;;;;;;;;;;;;
DAI;Dai Nam;Dai Nam;Dai Nam;;Dai Nam;;;;;;;;;
DAI_ADJ;Vietnamese;Vietnamien;Vietnamesisch;;;;;;;;;;;
DAR;Darfour;Darfour;Darfour;;;;;;;;;;;
DAR_ADJ;Darfour;Darfour;Darfour;;Darfour;;;;;;;;;
DAX;Sichuan;Sichuan;Sichuan;;;;;;;;;;;
DAX_ADJ;Sichuanian;Sichuanian;Sichuanian;;;;;;;;;;;
DAX_feudal_monarchy;Xi;Xi;Xi;;;;;;;;;;;
DAX_feudal_monarchy_ADJ;Xi;Xi;Xi;;;;;;;;;;;
DAX_absolute_monarchy;Xi;Xi;Xi;;;;;;;;;;;
DAX_absolute_monarchy_ADJ;Xi;Xi;Xi;;;;;;;;;;;
DAX_prussian_constitutionalism;Xi;Xi;Xi;;;;;;;;;;;
DAX_prussian_constitutionalism_ADJ;Xi;Xi;Xi;;;;;;;;;;;
DAX_hms_government;Xi;Xi;Xi;;;;;;;;;;;
DAX_hms_government_ADJ;Xi;Xi;Xi;;;;;;;;;;;
DHY;Dahomey;;;;;;;;;;;;;
DHY_ADJ;Dahomey;;;;;;;;;;;;;
DIN;Dine Bikeyah;Dine Bikeyah;Dine Bikeyah;;;;;;;;;;;
DIN_ADJ;Navajo;Navajo;Navajo;;Navajo;;;;;;;;;
DNG;Qingqiu;Qingqiu;Qingqiu;;;;;;;;;;;
DNG_ADJ;Qingqiu;Qingqiu;Qingqiu;;;;;;;;;;;
DNG_proletarian_dictatorship;The West Arcadian People's Republic;;;;;;;;;;;;;
DNG_proletarian_dictatorship_ADJ;West Arcadian;;;;;;;;;;;;;
DNG_socialist_republic;The West Arcadian People's Republic;;;;;;;;;;;;;
DNG_socialist_republic_ADJ;West Arcadian;;;;;;;;;;;;;
DNG_fascist_dictatorship;The New Chinese Empire;;;;;;;;;;;;;
DRA;Dravida;Dravida;Dravida;;;;;;;;;;;
DRA_ADJ;Dravidian;Dravidian;Dravidian;;;;;;;;;;;
DUA;The Dual Monarchy;La Double-Monarchie;Die Doppel-Monarchie;;;;;;;;;;;
DUA_ADJ;Anglo-French;Franco-Anglais;Franco-Englisch;;;;;;;;;;;
DUA_proletarian_dictatorship;The United Popular Republic;République Populaire Unie;Vereinigte Volksrepublik;;;;;;;;;;;
DUA_presidential_dictatorship;The United Republic;La République Unie;Die Vereinigte Republik;;;;;;;;;;;
DUA_bourgeois_dictatorship;The United Republic;La République Unie;Die Vereinigte Republik;;;;;;;;;;;
DUA_fascist_dictatorship;The Western Empire;Grande France;Großfrankreich;;;;;;;;;;;
DUA_democracy;The United Republic;La République Unie;Die Vereinigte Republik;;;;;;;;;;;
DUA_parliamentary_republic;The United Republic;La République Unie;Die Vereinigte Republik;;;;;;;;;;;
EGY;Egypt;Égypte;Ägypten;;Egipto;;;;;;;;;
EGY_ADJ;Egyptian;Égyptien;Ägyptisch;;Egipcia;;;;;;;;;
ELS;San Salvador;San Salvador;San Salvador;;;;;;;;;;;
ELS_ADJ;El Salvadorian;Salvadorien;El Salvadorianisch;;Salvadoreña;;;;;;;;;
ENG;The British Commonwealth;Les Republiques Britanniques;The British Commonwealth;;;;;;;;;;;
ENG_ADJ;British;Britannique;Britannique;;;;;;;;;;;
ENG_proletarian_dictatorship;Union of Britain;Union Britonne;;;;;;;;;;;;
ENG_fascist_dictatorship;Empire of Britain;Republique de Britannia;Republik Britannien;;;;;;;;;;;
ENG_fascist_dictatorship_ADJ;British;Britannien;Britisch;;;;;;;;;;;
ENG_fascist_monarchy;Empire of Britain;Republique de Britannia;Republik Britannien;;;;;;;;;;;
ENG_fascist_monarchy_ADJ;British;Britannien;Britisch;;;;;;;;;;;
ENG_absolute_monarchy;The United Kingdom;Grande-Bretagne;Great Britain;;;;;;;;;;;
ENG_prussian_constitutionalism;The United Kingdom;Grande-Bretagne;Grossbritannien;;;;;;;;;;;
ENG_hms_government;The United Kingdom;Great Britain;Great Britain;;;;;;;;;;;
ENL;England;;;;;;;;;;;;;
ENL_ADJ;English;;;;;;;;;;;;;
EQN;Equinoxea;;;;;;;;;;;;;
EQN_ADJ;Equinoxean;;;;;;;;;;;;;
ERI;Eritrea;Eritrea;Eritrea;;;;;;;;;;;
ERI_ADJ;Eritrean;Eritrien;Eritreisch;;;;;;;;;;;
EST;Estland;Estonie;Estland;;;;;;;;;;;
EST_ADJ;Estonian;Estonien;Estisch;;;;;;;;;;;
ETH;Ethiopia;Éthiopie;Äthiopien;;Etiopía;;;;;;;;;
ETH_ADJ;Ethiopian;Éthiopien;Äthiopisch;;Etíope;;;;;;;;;
FIN;Finland;Finlande;Finnland;;Finlandia;;;;;;;;;
FIN_ADJ;Finnish;Finlandais;Finnisch;;Finlandesa;;;;;;;;;
FJA;Fuuta Jallon;Fuuta Jallon;Fuuta Jallon;;;;;;;;;;;
FJA_ADJ;Fuuta Jallon;Fuuta Jallon;Fuuta Jallon;;;;;;;;;;;
FLA;Flanders;Flandres;Flandern;;Flandes;;;;;;;;;
FLA_ADJ;Flemmish;Flamand;Flämisch;;Flamenca;;;;;;;;;
FRA;France;France;France;;;;;;;;;;;
FRA_ADJ;French;French;French;;;;;;;;;;;
FRA_proletarian_dictatorship;The Commune of France;Republique Populaire Unie;Vereinigte Volksrepublik;;;;;;;;;;;
FRA_socialist_republic;The Commune of France;Republique Populaire Unie;Vereinigte Volksrepublik;;;;;;;;;;;
FRA_absolute_monarchy;French Empire;;;;;;;;;;;;x;;;
FRA_fascist_monarchy;French Empire;;;;;;;;;;;;x;;;
FRI;East Frisia;Frise orientale;Ostfriesland;;;;;;;;;;;
FRI_ADJ;Frisian;Frisien;Friesisch;;;;;;;;;;;
FRM;Frankfurt am Main;Francfort;Frankfurt am Main;;Frankfurt del Main;;;;;;;;;
FRM_ADJ;Frankfurter;Francfortois;Frankfurterisch;;;;;;;;;;;
FRR;Romagna;;;;;;;;;;;;;x,,,,,,,,
FRR_ADJ;Romagnol;;;;;;;;;;;;;x,,,,,,,,
FRR_democracy;Cispadan Republic;;;;;;;;;;;;;x,,,,,,,,
FRR_democracy_ADJ;Cispadan;;;;;;;;;;;;;x,,,,,,,,
FRR_theocracy;Romagna Legation;;;;;;;;;;;;;x,,,,,,,,
FRT;Transalpina;;;;;;;;;;;;;
FRT_absolute_monarchy;French-Italian Empire;;;;;;;;;;;;x;;;
FRT_ADJ;Franco-Italian;;;;;;;;;;;;;
FUN;Soudan;Soudan;Sudan;;;;;;;;;;;
FUN_ADJ;Soudanese;Soudanais;Sudanesisch;;;;;;;;;;;
FUN_feudal_monarchy;Funj Sultanate;;;;;;;;;;;;;
FUN_feudal_monarchy_ADJ;Funjian;;;;;;;;;;;;;
FUN_absolute_monarchy;Funj Sultanate;Sultanat de Funj;Sultanat von Funji;;;;;;;;;;;
FUN_absolute_monarchy_ADJ;Funjian;Funjien;Funjisch;;;;;;;;;;;
FUN_prussian_constitutionalism;Funj Sultanate;Sultanat de Funj;Sultanat von Funji;;;;;;;;;;;
FUN_prussian_constitutionalism_ADJ;Funjian;Funjien;Funjisch;;;;;;;;;;;
FUN_hms_government;Funj Sultanate;Sultanat de Funj;Sultanat von Funji;;;;;;;;;;;
FUN_hms_government_ADJ;Funjian;Funjien;Funjisch;;;;;;;;;;;
FUN_fascist_monarchy;Funj Sultanate;Sultanat de Funj;Sultanat von Funji;;;;;;;;;;;
FUN_fascist_monarchy_ADJ;Funjian;Funjien;Funjisch;;;;;;;;;;;
GAL;Galicia;Galice;Galicia;;;;;;;;;;;
GAL_ADJ;Galician;Galicien;Galician;;;;;;;;;;;
GAN;Zhourao;Zhourao;Zhourao;;;;;;;;;;;
GAN_ADJ;Zhourao;Zhourao;Zhourao;;;;;;;;;;;
GEN;Genoa;Genoa;Genoa;;;;;;;;;;;
GEN_ADJ;Genoan;Genoan;Genoan;;;;;;;;;;;
GEN_proletarian_dictatorship;Genoan People's Republic;Genoan People's Republic;Genoan People's Republic;;;;;;;;;;;
GEN_presidential_dictatorship;The Republic of Genoa;Republic of Genoa;Republic of Genoa;;;;;;;;;;;
GEN_bourgeois_dictatorship;Republic of Genoa;Republic of Genoa;Republic of Genoa;;;;;;;;;;;
GEN_fascist_dictatorship;State of Genoa;State of Genoa;State of Genoa;;;;;;;;;;;
GEN_fascist_monarchy;Duchy of Genoa;Duchy of Genoa;Duchy of Genoa;;;;;;;;;;;
GEN_absolute_monarchy;Duchy of Genoa;Duchy of Genoa;Duchy of Genoa;;;;;;;;;;;
GEN_prussian_constitutionalism;Duchy of Genoa;Duchy of Genoa;Duchy of Genoa;;;;;;;;;;;
GEN_hms_government;Duchy of Genoa;Duchy of Genoa;Duchy of Genoa;;;;;;;;;;;
GEN_democracy;Liguria;;;;;;;;;;;;;
GEN_democracy_ADJ;Ligurian;;;;;;;;;;;;;
GEN_parliamentary_republic;Liguria;;;;;;;;;;;;;
GEN_parliamentary_republic_ADJ;Ligurian;;;;;;;;;;;;;
GEO;Georgia;Géorgie;Georgien;;Georgia;;;;;;;;;
GEO_ADJ;Georgian;Géorgien;Georgisch;;Georgiana;;;;;;;;;
GER;Germany;;;;;;;;;;;;;
GER_ADJ;German;Allemand;Deutsch;;;;;;;;;;;
GER_proletarian_dictatorship;The Protectorate;;;;;;;;;;;;;
GER_absolute_monarchy;The German Empire;;;;;;;;;;;;;
GER_prussian_constitutionalism;The German Empire;;;;;;;;;;;;;
GNV;Romandy;;;;;;;;;;;;;;;;;;;;;;;;;;;;;;;;;;;;;;;;;;;;;;;;;;;;;;;;;;;
GNV_ADJ;Romand;;;;;;;;;;;;;;;;;;;;;;;;;;;;;;;;;;;;;;;;;;;;;;;;;;;;;;;;;;;
GNV_absolute_monarchy;Grand-Duchy of Romandy;;;;;;;;;;;;;;;;;;;;;;;;;;;;;;;;;;;;;;;;;;;;;;;;;;;;;;;;;;;
GNV_prussian_constitutionalism;Grand-Duchy of Romandy;;;;;;;;;;;;;;;;;;;;;;;;;;;;;;;;;;;;;;;;;;;;;;;;;;;;;;;;;;;
GNV_hms_government;Grand-Duchy of Romandy;;;;;;;;;;;;;;;;;;;;;;;;;;;;;;;;;;;;;;;;;;;;;;;;;;;;;;;;;;;
GNV_fascist_monarchyt;Kingdom of Romandy;;;;;;;;;;;;;;;;;;;;;;;;;;;;;;;;;;;;;;;;;;;;;;;;;;;;;;;;;;;
GRA;Granada;Granada;Granada;;;;;;;;;;;
GRA_ADJ;Granadan;Granadien;Granadan;;;;;;;;;;;
GRE;Greece;Grèce;Griechenland;;Grecia;;;;;;;;;
GRE_ADJ;Greek;Grec;Griechisch;;Griega;;;;;;;;;
GRQ;Vryland;Vryland;Vryland;;;;;;;;;;;
GRQ_ADJ;Baastard;Baastard;Baastard;;;;;;;;;;;
GUY;Essequibo;Essequibo;Essequibo;;;;;;;;;;;
GUY_ADJ;Essequiban;Essequiban;Essequiban;;;;;;;;;;;
GWA;Gwalior;Gwalior;Gwalior;;Gwalior;;;;;;;;;
GWA_ADJ;Gwaliori;Gwaliori;Gwaliori;;;;;;;;;;;
HAN;Luneburg;Luneburg;Luneburg;;Luneburg;;;;;;;;;
HAN_ADJ;Luneburgian;Luneburgian;Luneburger;;;;;;;;;;;
HAW;Hawaii;Hawaii;Hawaii;;Hawai;;;;;;;;;
HAW_ADJ;Hawaiian;Hawaïen;Hawaiianisch;;;;;;;;;;;
HBE;The Holy Britannian Empire;;;;;;;;;;;;;
HBE_ADJ;Britannian;;;;;;;;;;;;;
HBE_proletarian_dictatorship;The PDRB;;;;;;;;;;;;;
HBE_socialist_republic;The PDRB;;;;;;;;;;;;;
HBE_democracy;Britannia;;;;;;;;;;;;;
HBE_parliamentary_republic;Britannia;;;;;;;;;;;;;
HDJ;Hedjaz;Hedjaz;Hedjaz;;Hedjaz;;;;;;;;;
HDJ_ADJ;Hedjazi;Hedjazien;Hedjazi;;;;;;;;;;;
HEK;Hesse-Kassel;Hesse-Cassel;Hessen-Kassel ;;Hesse-Kassel;;;;;;;;;
HEK_ADJ;Hessian;Hessien;Hessisch;;;;;;;;;;;
HES;Hesse-Darmstadt;Hesse-Darmstadt;Hessen-Darmstadt;;Hesse-Darmstadt;;;;;;;;;
HES_ADJ;Hessian;Hessien;Hessisch;;;;;;;;;;;
HHR;Rohnnst;Rohnnst;Rohnnst;Rohnnst;;;;;;;;;;
HHR_ADJ;Rohnnst;Rohnnst;Rohnnst;;Rohnnst;;;;;;;;;
HLR;The Holy Roman Empire;;;;;;;;;;;;;
HLR_ADJ;Imperial;;;;;;;;;;;;;
HLR_proletarian_dictatorship;The URRM;;;;;;;;;;;;;
HLR_proletarian_dictatorship_ADJ;Mitteleuropan;;;;;;;;;;;;;
HLR_bourgeois_dictatorship;Freistaat Mitteleuropa;;;;;;;;;;;;;
HLR_bourgeois_dictatorship_ADJ;Mitteleuropan;;;;;;;;;;;;;
HLR_democracy;Freistaat Mitteleuropa;;;;;;;;;;;;;
HLR_democracy_ADJ;Mitteleuropan;;;;;;;;;;;;;
HLR_parliamentary_republic;Freistaat Mitteleuropa;;;;;;;;;;;;;
HLR_parliamentary_republic_ADJ;Mitteleuropan;;;;;;;;;;;;;
HND;Hindustan;Hindustan;Hindustan;;;;;;;;;;;
HND_ADJ;Hindustani;;;;;;;;;;;;;
HOL;Holstein;Holstein;Holstein;;Holstein;;;;;;;;;
HOL_ADJ;Holsteinian;Holsteinois;Holsteinisch;;;;;;;;;;;
HUN;Hungary;Hongrie;Ungarn;;Hungría;;;;;;;;;
HUN_ADJ;Hungarian;Hongrois;Ungarisch;;Húngara;;;;;;;;;
HYD;Hyderabad;Hyderabad;Haiderabad;;Hyderabad;;;;;;;;;
HYD_ADJ;Hyderabadi;Hyderabadi;Hyderabadisch;;;;;;;;;;;
ICL;Iceland;Islande;Island;;;;;;;;;;;
ICL_ADJ;Icelandic;islandais;Islandisch;;;;;;;;;;;
ILO;Ilorin;Ilorin;Ilorin;;;;;;;;;;;
ILO_ADJ;Ilorini;Ilorin;Ilorin;;;;;;;;;;;
INC;Tawantinsuyu;Inca;Inka;;;;;;;;;;;
INC_ADJ;Inca;Inca;Inka;;;;;;;;;;;
INC_proletarian_dictatorship;The Andes Union;;;;;;;;;;;;;
INC_proletarian_dictatorship_ADJ;Andine;;;;;;;;;;;;;
INC_socialist_republic;The Socialist Republic of the Andes;;;;;;;;;;;;;
INC_socialist_republic_ADJ;Andine;;;;;;;;;;;;;
INC_presidential_dictatorship;The Incan Regency;;;;;;;;;;;;;
INC_bourgeois_dictatorship;The Andes Republic;;;;;;;;;;;;;
INC_bourgeois_dictatorship_ADJ;Andine;;;;;;;;;;;;;
INC_democracy;The Andes Republic;;;;;;;;;;;;;
INC_parliamentary_republic;The Andes Republic;;;;;;;;;;;;;
IND;Indonesia;;;;;;;;;;;;;
IND_ADJ;Indonesian;;;;;;;;;;;;;
IRE;Ireland;Irlande;Irland;;Irlanda;;;;;;;;;
IRE_ADJ;Irish;Irlandais;Irisch;;Irlandesa;;;;;;;;;
IRO;Haudenosaunee;Haudenosaunee;Haudenosaunee;;;;;;;;;;;
IRO_ADJ;Iroquois;Iroquois;Iroquois;;;;;;;;;;;
IRQ;Iraq;Iraq;Irak;;;;;;;;;;;
IRQ_ADJ;Iraqi;Iraqien;Irakisch;;;;;;;;;;;
ITA;Italy;Italie;Italien;;Italia;;;;;;;;;
ITA_ADJ;Italian;Italien;Italienisch;;Italiana;;;;;;;;;
ITC;Italian Confederation;;;;;;;;;
ITC_ADJ;Italian;Italien;Italienisch;;Italiana;;;;;;;;;
JAI;Jaipur;Jaipur;Jaipur;;Jaipur;;;;;;;;;
JAI_ADJ;Jaipuri;Jaipurien;Jaipurisch;;;;;;;;;;;
JAM;Eendrachtsland;Eendrachtsland;Eendrachtsland;;;;;;;;;;;
JAM_ADJ;Eendrachtslander;Eendrachtslander;Eendrachtslander;;;;;;;;;;;
JAP;Japan;Japon;Japan;;Japón;;;;;;;;;
JAP_ADJ;Japanese;Japonais;Japanisch;;Japonesa;;;;;;;;;
JAP_absolute_monarchy;The Japanese Empire;;;;;;;;;;;;;
JAP_prussian_constitutionalism;The Japanese Empire;;;;;;;;;;;;;
JAP_fascist_monarchy;The Japanese Empire;;;;;;;;;;;;;
JAS;Jaisalmer;Jaisalmer;Jaisalmer;;Jaisalmer;;;;;;;;;
JAS_ADJ;Jaisalmeri;Jaisalmerien;Jaisalmerisch;;;;;;;;;;;
JAV;Java;Java;Java;;Java;;;;;;;;;
JAV_ADJ;Javanese;Javanais;Javanesisch;;;;;;;;;;;
JLS;Jalisco;Jalisco;Jalisco;;;;;;;;;;;
JLS_ADJ;Jaliscan;Jaliscien;Jaliscan;;;;;;;;;;;
JOD;Jodhpur;Jodhpur;Jodhpur;;Jodhpur;;;;;;;;;
JOD_ADJ;Jodhpuri;Jodhpurien;Jodhpurisch;;;;;;;;;;;
JOH;Malacca;;;;;;;;;;;;;
JOH_ADJ;Malaccan;;;;;;;;;;;;;
JOR;Jordan;Jordanie;Jordanien;;;;;;;;;;;
JOR_ADJ;Jordanian;Jordanien;Jordanisch;;;;;;;;;;;
JOR_feudal_monarchy;Al-Urdan;;;;;;;;;;;;;
JOR_absolute_monarchy;Al-Urdan;Al-Urdan;Al-Urdan;;;;;;;;;;;
JOR_prussian_constitutionalism;Al-Urdan;Al-Urdan;Al-Urdan;;;;;;;;;;;
JOR_hms_government;Al-Urdan;Al-Urdan;Al-Urdan;;;;;;;;;;;
KAL;Baluchistan;Baluchistan;Baluchistan;;;;;;;;;;;
KAL_ADJ;Baluchi;Baluchi;Baluchi;;;;;;;;;;;
KAN;Kanem-Bornu;Kanem-Bornu;Kanem-Bornu;;;;;;;;;;;
KAN_ADJ;Kanem-Bornian;Kanem-Bornien;Kanem-Bornisch;;;;;;;;;;;
KAS;Kashmir;Cachemire;Kaschmir;;Cachemira;;;;;;;;;
KAS_ADJ;Kashmiri;Kashmiri;Kaschmirisch;;;;;;;;;;;
KHI;Khiva;Khiva;Khiva;;Khiva;;;;;;;;;
KHI_ADJ;Khivan;Khivien;Khivanisch;;;;;;;;;;;
KKN;Kita Kaigan;;;;;;;;;;;;;
KKN_ADJ;Kaiganese;;;;;;;;;;;;;
KLM;Kalimantan;;;;;;;;;;;;;
KLM_ADJ;Kalimantan;;;;;;;;;;;;;
KNO;Kano;Kano;Kano;;;;;;;;;;;
KNO_ADJ;Kanese;Kanese;Kanese;;;;;;;;;;;
KOK;Kokand;Kokand;Kokand;;Kokand;;;;;;;;;
KOK_ADJ;Kokandi;Kokandien;Kokandi;;;;;;;;;;;
KON;Kongo;Kongo;Kongo;;Congo;;;;;;;;;
KON_ADJ;Kongolese;Kongolaise;Kongolesische;;;;;;;;;;;
KOR;Korea;Corée;Korea;;Corea;;;;;;;;;
KOR_ADJ;Korean;Coréen;Koreanisch;;Coreana;;;;;;;;;
KRL;Courland;Courland;Courland;;;;;;;;;;;
KRL_ADJ;Curonian;Curonien;Curonian;;;;;;;;;;;
KTI;Kutai;;;;;;;;;;;;;
KTI_ADJ;Kutain;;;;;;;;;;;;;
KUB;Kuba;Kuba;Kuba;;Kuba;;;;;;;;;
KUB_ADJ;Kuba;Kuba;Kuba;;;;;;;;;;;
KUR;Kurdistan;Kurdistan;Kurdistan;;;;;;;;;;;
KUR_ADJ;Kurd;Kurde;Kurdisch;;;;;;;;;;;
KZB;Kazembe;Kazembe;Kazembe;;Cazembe;;;;;;;;;
KZB_ADJ;Kazembe;Kazembe;Kazembe;;;;;;;;;;;
KZH;Kazakhstan;Kazakhstan;Kazakhstan;;;;;;;;;;;
KZH_ADJ;Kazakh;Kazakh;Kazakh;;;;;;;;;;;
KZH_feudal_monarchy;Kazakh Khanate;Kazakh Khanate;Kazakh Khanate;;;;;;;;;;;
KZH_absolute_monarchy;Kazakh Khanate;Kazakh Khanate;Kazakh Khanate;;;;;;;;;;;
KZH_prussian_constitutionalism;Kazakh Khanate;Kazakh Khanate;Kazakh Khanate;;;;;;;;;;;
KZH_hms_government;Kazakh Khanate;Kazakh Khanate;Kazakh Khanate;;;;;;;;;;;
LAD;Ladakh;Ladakh;Ladakh;;Ladakh;;;;;;;;;
LAD_ADJ;Ladakhi;Ladakhien;Ladakhisch;;;;;;;;;;;
LAT;Livonia;Livonie;Livonia;;;;;;;;;;;
LAT_ADJ;Livonian;Livonien;Livländisch;;;;;;;;;;;
LBA;Luba;Luba;Luba;;Luba;;;;;;;;;
LBA_ADJ;Luba;Luba;Luba;;;;;;;;;;;
LBY;Libya;;;;;;;;;;;;;
LBY_ADJ;Libyan;;;;;;;;;;;;;
LFG;Lanfang;Lanfang;Lanfang;;;;;;;;;;;
LFG_ADJ;Lanfang;Lanfang;Lanfang;;;;;;;;;;;
LIP;Lippe-Detmold;Lippe-Detmold;Lippe-Detmold;;Lippe-Detmold;;;;;;;;;
LIP_ADJ;Lippish;Lippien;Lippisch;;;;;;;;;;;
LIT;Lithuania;Lituanie;Litauen;;Lituania;;;;;;;;;
LIT_ADJ;Lithunian;Lituanien;Litauisch;;Lituana;;;;;;;;;
LOA;Loango;Loango;Loango;;Loango;;;;;;;;;
LOA_ADJ;Loangoese;Loangoaise;Loangoische;;;;;;;;;;;
LOM;Lombardia;Lombardie;Lombardei;;Lombardía;;;;;;;;;
LOM_ADJ;Lombardian;Lombard;Lombardisch;;;;;;;;;;;
LOM_absolute_monarchy;Milan;;;;;;;;;;;;;
LOM_absolute_monarchy_ADJ;Milanese;;;;;;;;;;;;;
LOM_prussian_constitutionalism;Milan;;;;;;;;;;;;;
LOM_prussian_constitutionalism_ADJ;Milanese;;;;;;;;;;;;;
LOM_hms_government;Milan;;;;;;;;;;;;;
LOM_hms_government_ADJ;Milanese;;;;;;;;;;;;;
LOM_democracy;Transpadana;;;;;;;;;;;;;
LOM_democracy_ADJ;Transpadan;;;;;;;;;;;;;
LOM_parliamentary_republic;Transpadana;;;;;;;;;;;;;
LOM_parliamentary_republic_ADJ;Transpadan;;;;;;;;;;;;;
LOT;Lotharingia;Lotharingie;Lothringen;;;;;;;;;;;
LOT_ADJ;Lotharingian;Lotharingien;Lothringisch;;;;;;;;;;;
LRR;Lorraine;Lorraine;Lorraine;;;;;;;;;;;
LRR_ADJ;Lorrainian;Lorrain;Lorraine;;;;;;;;;;;
LST;Lusitania;Lusitanie;Lusitania;;;;;;;;;;;
LST_ADJ;Lusitanian;Lusitanien;Lusitanian;;;;;;;;;;;
LUA;Lan Xang;Lan Xang;Lan Xang;;;;;;;;;;;
LUA_ADJ;Lao;Lao;Laotisch;;;;;;;;;;;
LUA_proletarian_dictatorship;Laos;Laos;Laos;;;;;;;;;;;
LUA_presidential_dictatorship;Laos;Laos;Laos;;;;;;;;;;;
LUA_bourgeois_dictatorship;Laos;Laos;Laos;;;;;;;;;;;
LUA_democracy;Laos;Laos;Laos;;;;;;;;;;;
LUA_parliamentary_republic;Laos;Laos;Laos;;;;;;;;;;;
LUC;Lucca;Lucques;Lucca;;Lucca;;;;;;;;;
LUC_ADJ;Luccan;Lucquois;Luccanisch;;;;;;;;;;;
LUN;Lunda;Lunda;Lunda;;Lunda;;;;;;;;;
LUN_ADJ;Lunda;Lundas;Lunda;;;;;;;;;;;
LWE;Leeuwin;Leeuwin;Leeuwin;;;;;;;;;;;
LWE_ADJ;Leeuwin;Leeuwin;Leeuwin;;;;;;;;;;;
MAC;Macedonia;Macédoine;Macedonia;;;;;;;;;;;
MAC_ADJ;Macedonian;Macédonien;Macedonian;;;;;;;;;;;
MAD;Merina;Merina;Merina;;;;;;;;;;;
MAD_ADJ;Merina;Merina;Merina;;;;;;;;;;;
MAL;The Mossi Empire;The Mossi Empire;The Mossi Empire;;;;;;;;;;;
MAL_ADJ;Mossi;Mossi;Mossi;;;;;;;;;;;
MAT;Matabele;Matabele;Matabele;;Matabele;;;;;;;;;
MAT_ADJ;Matabele;Matabele;Matabele;;;;;;;;;;;
MCH;Manchukuo;;;;;;;;;;;;;
MCH_ADJ;Manchu;;;;;;;;;;;;;
MCK;The Qing Empire;Manchu;Mandschu;;;;;;;;;;;
MCK_ADJ;Manchu;Manchou;Mandschu;;;;;;;;;;;
MDR;Madurai;Madurai;Madurai;;;;;;;;;;;
MDR_ADJ;Madurian;Madurien;Maduraisch;;;;;;;;;;;
MEW;Mewar;Mewar;Mewar;;Mewar;;;;;;;;;
MEW_ADJ;Mewari;Mewari;Mewari;;;;;;;;;;;
MEX;Mexico;Mexique;Mexiko;;México;;;;;;;;;
MEX_ADJ;Mexican;Mexicain;Mexikanisch;;Mexicana;;;;;;;;;
MGH;Maghreb;;;;;;;;;;;;;
MGH_ADJ;Maghrebi;;;;;;;;;;;;;
MGL;Mongolia;Mongolie;Mongolei;;;;;;;;;;;
MGL_ADJ;Mongolian;Mongole;Mongolisch;;;;;;;;;;;
MIG;Nanjing;Nanjing;Nanjing;;;;;;;;;;;
MIG_ADJ;Jiangsu;Ming;Ming;;;;;;;;;;;
MIG_presidential_dictatorship;The Regency of Nanjing;;;;;;;;;;;;;
MIG_feudal_monarchy;Wu;Wu;Wu;;;;;;;;;;;
MIG_feudal_monarchy_ADJ;Wu;Wu;Wu;;;;;;;;;;;
MIG_absolute_monarchy;Wu;Wu;Wu;;;;;;;;;;;
MIG_absolute_monarchy_ADJ;Wu;Wu;Wu;;;;;;;;;;;
MIG_prussian_constitutionalism;Wu;Wu;Wu;;;;;;;;;;;
MIG_prussian_constitutionalism_ADJ;Wu;Wu;Wu;;;;;;;;;;;
MIG_hms_government;Wu;Wu;Wu;;;;;;;;;;;
MIG_hms_government_ADJ;Wu;Wu;Wu;;;;;;;;;;;
MIG_democracy;The Republic of Nanjing;;;;;;;;;;;;;
MIG_parliamentary_republic;The Republic of Nanjing;;;;;;;;;;;;;
MIG_merchant_republic;The Regency of Nanjing;;;;;;;;;;;;;
MLD;Maldives;Maldives;Maldives;;;;;;;;;;;
MLD_ADJ;Maldivian;Maldivien;Maldivian;;;;;;;;;;;
MLT;Malta;Malte;Malta;;;;;;;;;;;
MLT_theocracy;Order of Saint John;Ordre de Saint Jean;;;;;;;;;;;;
MLT_theocracy_ADJ;Hospitaller;Hospitalier;Hospitaller;;;;;;;;;;;
MLT_absolute_monarchy;Principality of Malta;;;;;;;;;;;;;
MLT_prussian_constitutionalism;Principality of Malta;;;;;;;;;;;;;
MLT_hms_government;Principality of Malta;;;;;;;;;;;;;
MLT_fascist_monarchy;Kingdom of Malta;;;;;;;;;;;;;
MLT_ADJ;Maltese;Maltais;Maltese;;;;;;;;;;;
MNG;Mongo;Mongo;Mongo;;Mongo;;;;;;;;;
MNG_ADJ;Mongo;Mongo;Mongo;;;;;;;;;;;
MNR;Munster;;;;;;;;;;;;;
MNR_ADJ;Munsterite;;;;;;;;;;;;;
MOD;Modena;Modène;Modena ;;Módena;;;;;;;;;
MOD_ADJ;Modenian;Modénien;Modenisch;;;;;;;;;;;
MOL;Moldavia;Moldavie;Moldawien;;Moldavia;;;;;;;;;
MOL_ADJ;Moldavian;Moldave;Moldauisch;;;;;;;;;;;
MON;Montenegro;Monténégro;Montenegro;;Montenegro;;;;;;;;;
MON_ADJ;Montenegren;Monténégrin;Montenegrinisch;;Montenegrina;;;;;;;;;
MOR;Mauretania;;;;;;;;;;;;;
MOR_ADJ;Mauretanian;;;;;;;;;;;;;
MUG;Mughal Empire;Empire Moghol;Mogulreich;;;;;;;;;;;
MUG_ADJ;Mughal;Moghol;Mughal;;;;;;;;;;;
MUG_proletarian_dictatorship;Commune of Delhi;;;;;;;;;;;;;
MUG_socialist_republic;Commune of Delhi;;;;;;;;;;;;;
MUG_bourgeois_dictatorship;Mughalistan;;;;;;;;;;;;;
MUG_democracy;Mughalistan;;;;;;;;;;;;;
MUG_parliamentary_republic;Mughalistan;;;;;;;;;;;;;
MUS;Muscovy;Moscovie;Moskau;;;;;;;;;;;
MUS_ADJ;Muscovite;Moscovite;Moskauisch;;;;;;;;;;;
MYS;Mysore;Mysore;Mysore;;Mysore;;;;;;;;;
MYS_ADJ;Mysori;Mysorien;Mysorisch;;;;;;;;;;;
NAG;Nagpur;Nagpur;Nagpur;;Nâgpur;;;;;;;;;
NAG_ADJ;Nagpuri;Nagpuri;Nagpurisch;;;;;;;;;;;
NAN;Beornia;Beornie;Beornia;;;;;;;;;;;
NAN_ADJ;Beornian;Beornien;Beornisch;;;;;;;;;;;
NAS;Nassau;;;;;;;;;;;;;
NAS_ADJ;Nassauan;;;;;;;;;;;;;
NAV;Navarra;Euskadi;Baskenland;;;;;;;;;;;
NAV_ADJ;Basque;Basque;Baskisch;;;;;;;;;;;
NBG;The Belgian Confederacy;Les Sept Republiques;Die sieben Republiken;;;;;;;;;;;
NBG_ADJ;Belgian;Belgian;Belgian;;;;;;;;;;;
NBG_proletarian_dictatorship;The East Arcadian Socialist Republic;;;;;;;;;;;;;
NBG_socialist_republic;The East Arcadian Socialist Republic;;;;;;;;;;;;;
NBG_fascist_dictatorship;Greater Belgica;;;;;;;;;;;;;
NBG_absolute_monarchy;New Burgundy;Nouvelle Bourgogne;Die sieben Republiken;;;;;;;;;;;
NBG_prussian_constitutionalism;New Burgundy;Nouvelle Bourgogne;Die sieben Republiken;;;;;;;;;;;
NBG_hms_government;New Burgundy;Nouvelle Bourgogne;Die sieben Republiken;;;;;;;;;;;
NBG_fascist_monarchy;Empire of Belgica;;;;;;;;;;;
NEJ;Nejd;Nejd;Nejd;;;;;;;;;;;
NEJ_ADJ;Nejdi;Arabe;Arabisch;;;;;;;;;;;
NEP;Nepal;Népal;Nepal;;Nepal;;;;;;;;;
NEP_ADJ;Nepali;Népalais;Nepalesisch;;;;;;;;;;;
NET;Netherlands;Pays-Bas;Niederlande;;Países Bajos;;;;;;;;;
NET_ADJ;Brabantian;;;;;;;;;
NFL;Nuweflander;Nuweflander;Nuweflander;;;;;;;;;;;
NFL_ADJ;Nuweflander;Nuweflander;Nuweflander;;;;;;;;;;;
NGF;The League of Berlin;La Ligue de Berlin;Elbian Confederacy;;;;;;;;;;;
NGF_ADJ;North German;Elbois;Elbian;;;;;;;;;;;
NIC;Matacalpa;;;;;;;;;;;;;
NIC_ADJ;Matacalpan;;;;;;;;;;;;;
NOG;Nogai;;;;;;;;;;;;;
NOG_ADJ;Nogai;;;;;;;;;;;;;
NOG_proletarian_dictatorship;The People's Republic of Nogai;;;;;;;;;;;;;
NOG_fascist_dictatorship;The State of Nogai;;;;;;;;;;;;;
NOG_feudal_monarchy;The Nogai Khanate;;;;;;;;;;;;;
NOG_absolute_monarchy;The Nogai Khanate;;;;;;;;;;;;;
NOG_prussian_constitutionalism;The Nogai Khanate;;;;;;;;;;;;;
NOG_hms_government;The Nogai Khanate;;;;;;;;;;;;;
NOG_democracy;The Nogai Republic;;;;;;;;;;;;;
NOG_parliamentary_republic;The Nogai Republic;;;;;;;;;;;;;
NOV;Novgorod;Novgorod;Nowgorod;;;;;;;;;;;
NOV_ADJ;Novgorodian;Novgorodien;Nowgorodisch;;;;;;;;;;;
NRI;Nri;Nri;Nri;;;;;;;;;;;
NRI_ADJ;Nri;Nri;Nri;Nri;;;;;;;;;;
NUN;Nunavut;Nunavut;Nunavut;;;;;;;;;;;
NUN_ADJ;Inuit;Inuit;Inuit;;Inuit;;;;;;;;;
NUS;Nusantara;Nusantara;Nusantara;;;;;;;;;;;
NUS_ADJ;Nusantaran;Nusantaran;Nusantaran;;;;;;;;;;;
NZL;New Zealand;Nouvelle-Zélande;Neuseeland;;Nueva Zelanda;;;;;;;;;
NZL_ADJ;New Zealand;Néo-zélandais;Neuseeländisch;;Nueva Zelanda;;;;;;;;;
OCC;Occitania;Occitanie;Okzitanien;;;;;;;;;;;
OCC_ADJ;Occitan;Occitanie;Okzitanisch;;;;;;;;;;;
OCE;Oceti Sakowin;Oceti Sakowin;Oceti Sakowin;;;;;;;;;;;
OCE_ADJ;Dakota;Dakota;Dakota;;Dakota;;;;;;;;;
OLD;Oldenburg;Oldenbourg;Oldenburg;;Oldenburgo;;;;;;;;;
OLD_ADJ;Oldenburgian;Oldenbourgeois;Oldenburgisch;;;;;;;;;;;
OMA;Oman;Oman;Oman;;Omán;;;;;;;;;
OMA_ADJ;Omani;Omanais;Omanisch;;Omaní;;;;;;;;;
ORI;Orissa;Orissa;Orissa;;Orissa;;;;;;;;;
ORI_ADJ;Orissan;Orissien;Orissanisch;;;;;;;;;;;
ORO;Oromyia;Oromie;Oromyia;;;;;;;;;;;
ORO_ADJ;Oromo;Oromo;Oromo;;;;;;;;;;;
OYO;Oyo;Oyo;Oyo;;;;;;;;;;;
OYO_ADJ;Oyo;Oyo;Oyo;Oyo;;;;;;;;;;
PAP;The Papal States;;;;;;;;;;;;;
PAP_ADJ;Papal;;;;;;;;;;;;;
PAP_proletarian_dictatorship;The Roman Commune;;;;;;;;;;;;;
PAP_proletarian_dictatorship_ADJ;Roman;;;;;;;;;;;;;
PAP_fascist_monarchy;The Holy See;;;;;;;;;;;;;
PAP_fascist_monarchy_ADJ;Roman;;;;;;;;;;;;;
PAP_fascist_dictatorship;The Roman Empire;;;;;;;;;;;;;
PAP_fascist_dictatorship_ADJ;Roman;;;;;;;;;;;;;
PAP_absolute_monarchy;The Papal States;;;;;;;;;;;;;
PAP_absolute_monarchy_ADJ;Papal;;;;;;;;;;;;;
PAP_hms_government;Latium;;;;;;;;;;;;;
PAP_hms_government_ADJ;Latin;;;;;;;;;;;;;
PAP_democracy;The Roman Republic;The Roman Republic;The Roman Republic;;;;;;;;;;;
PAP_democracy_ADJ;Roman;;;;;;;;;;;;;
PAP_parliamentary_republic;The Roman Republic;The Roman Republic;The Roman Republic;;;;;;;;;;;
PAP_parliamentary_republic_ADJ;Roman;;;;;;;;;;;;;
PAP_socialist_republic;The Roman Republic;The Roman Republic;The Roman Republic;;;;;;;;;;;
PAP_socialist_republic_ADJ;Roman;;;;;;;;;;;;;
PAR;Parma;Parme;Parma;;Parma;;;;;;;;;
PAR_ADJ;Parmese;Parmesan;Parmesisch;;;;;;;;;;;
PAT;Pattani;;;;;;;;;;;;;
PAT_ADJ;Pattani;;;;;;;;;;;;;
PER;Persia;Persia;Persia;;;;;;;;;;;
PER_ADJ;Persian;Persian;Persian;;;;;;;;;;;
PLA;Plantagenia;Plantagenia;Plantagenetien;;;;;;;;;;;
PLA_ADJ;Plantagonian;Plantagonien;Plantagonisch;;;;;;;;;;;
PLA_proletarian_dictatorship;Southern Arcadian Popular Republic;;;;;;;;;;;;;
PLA_proletarian_dictatorship_ADJ;South Arcadian;;;;;;;;;;;;;
PLA_socialist_republic;Southern Arcadian Popular Republic;;;;;;;;;;;;;
PLA_socialist_republic_ADJ;South Arcadian;;;;;;;;;;;;;
PLC;The Commonwealth;Pologne-Lituanie;Polen-Litauen;;;;;;;;;;;
PLC_ADJ;Polish-Lithuanian;Polonais-Lituanien;Polnisch-Litauisch;;;;;;;;;;;
PLC_proletarian_dictatorship;The People's Commonwealth;;;;;;;;;;;;;
PLC_proletarian_dictatorship_ADJ;Commonwealth;;;;;;;;;;;;;
PLC_fascist_dictatorship;The Greater Polish Empire;;;;;;;;;;;;;
PLC_fascist_dictatorship_ADJ;Polish;;;;;;;;;;;;;
PLM;Palembang;;;;;;;;;;;;;
PLM_ADJ;Palembang;;;;;;;;;;;;;
PLS;Al-Quds;Al-Quds;Al-Quds;;;;;;;;;;;
PLS_ADJ;Palestinian;Palestinian;Palestinian;;;;;;;;;;;
PNJ;Panjab;Pendjab;Pandschab;;Punjab;;;;;;;;;
PNJ_ADJ;Panjabi;Penjabi;Pundschabisch;;;;;;;;;;;
PNM;Andagoya;;;;;;;;;;;;;
PNM_ADJ;Andagoyan;;;;;;;;;;;;;
POL;Poland;Pologne;Polen;;Polonia;;;;;;;;;
POL_ADJ;Polish;Polonais;Polnisch;;Polaca;;;;;;;;;
POM;Pomerania;Poméranie;Pommern;;;;;;;;;;;
POM_ADJ;Pomeranian;Poméranien;Pommerisch;;;;;;;;;;;
PNT;Pontus;;;;;;;;;;;;;
PNT_ADJ;Pontic;;;;;;;;;;;;;
POR;Portugal;Portugal;Portugal ;;Portugal;;;;;;;;;
POR_ADJ;Portuguese;Portugais;Portugiesisch;;Portuguesa;;;;;;;;;
PPU;Papua;;;;;;;;;;;;;
PPU_ADJ;Papuan;;;;;;;;;;;;;
PRU;Prussia;Prusse;Preußen;;Prusia;;;;;;;;;
PRU_ADJ;Prussian;Prussien;Preußisch;;;;;;;;;;;
PRV;Provence;Provence;Provence;;;;;;;;;;;
PRV_ADJ;Provencal;Provencal;Provencal;;;;;;;;;;;
PSV;Pskov;Pskov;Pskov;;;;;;;;;;;
PSV_ADJ;Pskovian;Pskovien;Pskovisch;;;;;;;;;;;
PUR;Purepecha;Purepecha;Purepechao;;;;;;;;;;;
PUR_ADJ;Purepechia;Purepecha;Purepecha;;;;;;;;;;;
QAJ;Teheran;Teheran;Teheran;;;;;;;;;;;
QAJ_ADJ;Teherani;Teherani;Teherani;;;;;;;;;;;
QUI;Quito;Quito;Quito;;;;;;;;;;;
QUI_ADJ;Quito;Quito;Quito;;;;;;;;;;;
RAJ;Rajputana;Rajputana;Rajputana;;;;;;;;;;;
RAJ_ADJ;Rajput;Rajput;Rajput;;;;;;;;;;;
RAP;Rapa Nui;Rapa Nui;Rapa Nui;;;;;;;;;;;
RAP_ADJ;Rapa Nui;Rapa Nui;Rapa Nui;;;;;;;;;;;
REB;Rebels;Partisans;Partisanen;;Partisanos;;;;;;;;;
REB_ADJ;Rebel;Partisans;Partisanen;;Partisanos;;;;;;;;;
RHI;Rhineland;Rhénanie;Rheinland;;;;;;;;;;;
RHI_ADJ;Rhineland;Rhénanien;Rheinländisch;;;;;;;;;;;
ROM;Romania;Roumanie;Rumänien;;Rumania;;;;;;;;;
ROM_ADJ;Romanian;Roumain;Rumänisch;;Rumana;;;;;;;;;
RUS;Russia;Russie;Russland;;Rusia;;;;;;;;;
RUS_ADJ;Russian;Russe;Russisch;;;;;;;;;;;
RUT;Ruthenia;Ruthenia;Ruthenian;;;;;;;;;;;
RUT_ADJ;Ruthenian;Ruthenian;Ruthenian;;;;;;;;;;;
RWA;Rwanda;Ruanda;Ruanda;;Ruanda;;;;;;;;;
RWA_ADJ;Rwandan;Ruandaise;Ruandische;;;;;;;;;;;
SAF;The Cape Republic;Republique du Cap;Cap Republic;;;;;;;;;;;
SAF_ADJ;South African;;;;;;;;;;;;;
SAF_absolute_monarchy;The Duchy of the Cape;Duche du Cap;Herzogtum Kap;;;;;;;;;;;
SAF_prussian_constitutionalism;The Duchy of the Cape;Duche du Cap;Herzogtum Kap;;;;;;;;;;;
SAF_hms_government;The Duchy of the Cape;Duche du Cap;Herzogtum Kap;;;;;;;;;;;
SAF_fascist_monarchy;The Empire of the Cape;Empire du Cap;Reich des Kaps;;;;;;;;;;;
SAL;Salzburg;Salzburg;Salzburg;;;;;;;;;;;
SAL_ADJ;Salzburger;Salzburgeois;Salzburgisch;;;;;;;;;;;
SAN;Herreria;Herreria;Herreria;;;;;;;;;;;
SAN_ADJ;Herreriaian;Herreriaien;Herreriaisch;;;;;;;;;;;
SAN_absolute_monarchy;Cartagena;Cartagena;Cartagena;;;;;;;;;;;
SAN_prussian_constitutionalism;Cartagena;Cartagena;Cartagena;;;;;;;;;;;
SAN_hms_government;Cartagena;Cartagena;Cartagena;;;;;;;;;;;
SAN_fascist_monarchy;Cartagena;Cartagena;Cartagena;;;;;;;;;;;
SAR;Savoy;Savoie;Savoyen;;;;;;;;;;;
SAR_ADJ;Savoyard;Savoyard;Savoyisch;;;;;;;;;;;
SAR_democracy;Alba;;;;;;;;;;;;;
SAR_democracy_ADJ;Alban;;;;;;;;;;;;;
SAR_parliamentary_republic;Alba;;;;;;;;;;;;;
SAR_parliamentary_republic_ADJ;Alban;;;;;;;;;;;;;
PIE;Piedmont;;;;;;;;;;;
PIE_ADJ;Savoyard;Savoyard;Savoyisch;;;;;;;;;;;
SAX;Saxony;Saxonie;Sachsen;;;;;;;;;;;
SAX_ADJ;Saxon;Saxon;Sächsisch;;;;;;;;;;;
SCA;Scandinavia;Scandinavie;Skandinavien;;Escandinavia;;;;;;;;;
SCA_ADJ;Scandinavian;Scandinave;Skandinavisch;;Escandinava;;;;;;;;;
SCA_proletarian_dictatorship;The Scandinavian People's Republic;;;;;;;;;;;;;
SCA_socialist_republic;The Scandinavian People's Republic;;;;;;;;;;;;;
SCA_presidential_dictatorship;The Scandinavian Republic;;;;;;;;;;;;;
SCA_bourgeois_dictatorship;The Scandinavian Republic;;;;;;;;;;;;;
SCA_fascist_dictatorship;The Northern Empire;;;;;;;;;;;;;
SCA_fascist_dictatorship_ADJ;Northerner;;;;;;;;;;;;;
SCA_fascist_monarchy;Scandinavian Empire;;;;;;;;;;;;;
SCA_absolute_monarchy;The Empire of Scandinavia;;;;;;;;;;;;;
SCA_democracy;The Scandinavian Republic;;;;;;;;;;;;;
SCA_parliamentary_republic;The Scandinavian Republic;;;;;;;;;;;;;
SCH;Schleswig;Slesvig;Schleswig;;Schleswig;;;;;;;;;
SCH_ADJ;Schleswigian;Slesvigois;Schleswigisch;;;;;;;;;;;
SCO;Scotland;Écosse;Schottland;;Escocia;;;;;;;;;
SCO_ADJ;Scottish;Écossais;Schottisch;;Escocesa;;;;;;;;;
SER;Serbia;Serbie;Serbien;;Serbia;;;;;;;;;
SER_ADJ;Serb;Serbe;Serbisch;;Serbia;;;;;;;;;
SFJ_absolute_monarchy;Sydoe;;;;;;;;;;;
SFJ_absolute_monarchy_ADJ;Sydoer;;;;;;;;;;;
SFJ_prussian_constitutionalism;Sydoe;;;;;;;;;;;
SFJ_prussian_constitutionalism_ADJ;Sydoer;;;;;;;;;;;
SFJ_hms_government;Sydoe;;;;;;;;;;;
SFJ_hms_government_ADJ;Sydoer;;;;;;;;;;;
SFJ_fascist_dictatorship;Ayitian Empire;;;;;;;;;;;
SFJ_fascist_dictatorship_ADJ;Ayitian;;;;;;;;;;;
SFJ_fascist_monarchy;Ayitian Empire;;;;;;;;;;;
SFJ_fascist_monarchy_ADJ;Ayitian;;;;;;;;;;;
SFJ;Kiskøyene;Kiskøyene;Kiskoyene;;;;;;;;;;;
SFJ_ADJ;Kiskøyener;Kiskøyener;Kiskoyener;;;;;;;;;;;
SGF;The Danubian Confederation;;;;;;;;;;;;;
SGF_ADJ;Danubian;;;;;;;;;;;;;
SGF_proletarian_dictatorship;The Danubian Commune;;;;;;;;;;;;;
SHI;Shimla;Shimla;Shimla;;Simla;;;;;;;;;
SHI_ADJ;Shimlan;Shimlien;Shimlan;;;;;;;;;;;
SHO;Shona;Shona;Shona;;Shona;;;;;;;;;
SHO_ADJ;Shona;Shona;Shona;;;;;;;;;;;
SHU;Shaanxi;Shun;Shun;;;;;;;;;;;
SHU_ADJ;Shaanxi;Shun;Shun;;;;;;;;;;;
SHU_feudal_monarchy;Shun;Shun;Shun;;;;;;;;;;;
SHU_feudal_monarchy_ADJ;Shun;Shun;Shun;;;;;;;;;;;
SHU_absolute_monarchy;Shun;Shun;Shun;;;;;;;;;;;
SHU_absolute_monarchy_ADJ;Shun;Shun;Shun;;;;;;;;;;;
SHU_prussian_constitutionalism;Shun;Shun;Shun;;;;;;;;;;;
SHU_prussian_constitutionalism_ADJ;Shun;Shun;Shun;;;;;;;;;;;
SHU_hms_government;Shun;Shun;Shun;;;;;;;;;;;
SHU_hms_government_ADJ;Shun;Shun;Shun;;;;;;;;;;;
SIA;Thonburi;Thonburi;Thonburi;;;;;;;;;;;
SIA_ADJ;Siamese;Siamese;Siamese;;;;;;;;;;;
SIB;Sibir;Sibir;Sibir;;;;;;;;;;;
SIB_ADJ;Siberian;Sibérien;Siberian;;;;;;;;;;;
CRS;Corsica;;;;;;;;;;
CRS_ADJ;Corsican;;;;;;;;;;;
SIC;Sicily;;;;;;;;;;
SIC_ADJ;Sicilian;Sicilien;Sizilianisch;;;;;;;;;;;
NAP;Naples;Naples;Neapel;;;;;;;;;;;
NAP_ADJ;Neapolitan;Napolitain;Neapolitanisch;;;;;;;;;;;;
NAP_democracy;Parthenopea;;;;;;;;;;;;;
NAP_parliamentary_republic;Parthenopea;;;;;;;;;;;;;
SIE;Transylvania;Transylvanie;Siebenbürgen;;;;;;;;;;;
SIE_ADJ;Transylvanian;Transylvanien;Siebenbürgisch;;;;;;;;;;;
SIK;Sikkim;Sikkim;Sikkim;;Sikkim;;;;;;;;;
SIK_ADJ;Sikkim;Sikkimien;Sikkim;;;;;;;;;;;
SIL;Silesia;Silésie;Schlesien;;;;;;;;;;;
SIL_ADJ;Silesian;Silésien;Schlesisch;;;;;;;;;;;
SIN;Sindh;Sindh;Sindh;;Sindh;;;;;;;;;
SIN_ADJ;Sindi;Sindi;Sindi;;;;;;;;;;;
SLA;Slavonia;Slavonie;Slavonia;;;;;;;;;;;
SLA_ADJ;Slavonian;Slavon;Slavonian;;;;;;;;;;;
SLE;Leonia;;;;;;;;;;;;;
SLE_ADJ;Leonian;;;;;;;;;;;;;
SLO;Slovenia;Slovénie;Slowenien;;Eslovenia;;;;;;;;;
SLO_ADJ;Slovenian;Slovène;Slowenisch;;Eslovena;;;;;;;;;
SLV;Nitra;;;;;;;;;;;;;x,,,,,,,,
SLV_ADJ;Nitran;;;;;;;;;;;;;x,,,,,,,,
SLV_democracy;Slovakia;;;;;;;;;;;;;x,,,,,,,,
SLV_democracy_ADJ;Slovakian;;;;;;;;;;;;;x,,,,,,,,
SLV_parliamentary_republic;Slovakia;;;;;;;;;;;;;x,,,,,,,,
SLV_parliamentary_republic_ADJ;Slovakian;;;;;;;;;;;;;x,,,,,,,,
SLV_proletarian_dictatorship_ADJ;Slovakian;;;;;;;;;;;;;x,,,,,,,,
SLV_proletarian_dictatorship;The SSR;;;;;;;;;;;;;x,,,,,,,,
SLV_fascist_dictatorship;The Free Slovak Nation;;;;;;;;;;;;;x,,,,,,,,
SLV_fascist_dictatorship_ADJ;Slovak;;;;;;;;;;;;;x,,,,,,,,
SOK;Sokoto;Sokoto;Sokoto;;Sokoto;;;;;;;;;
SOK_ADJ;Sokot;Sokot;Sokot;;;;;;;;;;;
SPA;Spain;Espagne;Spanien;;España;;;;;;;;;
SPA_ADJ;Spanish;Espagnol;Spanisch;;Spanish;;;;;;;;;
SRD;Arborea;Sardaigne;Sardinia;;;;;;;;;;;
SRD_ADJ;Arborean;Sarde;Sardinian;;;;;;;;;;;
SRL;Sri Lanka;Sri Lanka;Sri Lanka;;;;;;;;;;;
SRL_ADJ;Sri Lankan;Sri Lankai;Sri Lankaisch;;;;;;;;;;;
SRL_absolute_monarchy;Selon;Selon;Selon;;;;;;;;;;;
SRL_absolute_monarchy_ADJ;Selonese;Selonese;Selonese;;;;;;;;;;;
SRL_prussian_constitutionalism;Selon;Selon;Selon;;;;;;;;;;;
SRL_prussian_constitutionalism_ADJ;Selonese;Selonese;Selonese;;;;;;;;;;;
SRL_hms_government;Selon;Selon;Selon;;;;;;;;;;;
SRL_hms_government_ADJ;Selonese;Selonese;Selonese;;;;;;;;;;;
SRL_fascist_monarchy;Selon;Selon;Selon;;;;;;;;;;;
SRL_fascist_monarchy_ADJ;Selonese;Selonese;Selonese;;;;;;;;;;;
SUA;Suazi;Suazi;Suazi;;Suazi;;;;;;;;;
SUA_ADJ;Suazi;Suazi;Suazi;;;;;;;;;;;
SUA_presidential_dictatorship;Swaziland;;;;;;;;;;;;;
SUA_bourgeois_dictatorship;Swaziland;;;;;;;;;;;;;
SUA_fascist_dictatorship;Swatini;;;;;;;;;;;;;
SUA_democracy;Swaziland;;;;;;;;;;;;;
SUA_parliamentary_republic;Swaziland;;;;;;;;;;;;;
SUL;Sulu;Sulu;Sulu;;;;;;;;;;;
SUL_ADJ;Sulu;Sulu;Sulu;;;;;;;;;;;
SWI;Switzerland;Suisse;Schweiz;;Suiza;;;;;;;;;
SWI_ADJ;Swiss;Suisse;Schweizerisch;;Suiza;;;;;;;;;
SYR;Syria;Syrie;Syrien;;;;;;;;;;;
SYR_ADJ;Syrian;Syrien;Syrisch;;;;;;;;;;;
TAI;The Taiping Empire;Taiping;Taiping;;;;;;;;;;;
TAI_ADJ;Taiping;Taiping;Taiping;;;;;;;;;;;
TAP;Tapajos;Tapajos;Tapajos;Tapajos;;;;;;;;;;
TAP_ADJ;Tapajos;Tapajos;Tapajos;;Tapajos;;;;;;;;;
TAR;Tatarstan;Tatarstan;Tatarstan;;;;;;;;;;;
TAR_ADJ;Tatar;Tatar;Tatar;;;;;;;;;;;
THU;Thuringia;;;;;;;;;;;;;
THU_ADJ;Thuringia;;;;;;;;;;;;;
TIB;Tibet;Tibet;Tibet;;Tíbet;;;;;;;;;
TIB_ADJ;Tibetian;Tibétain;Tibetisch;;Tibetana;;;;;;;;;
TIR;Tyrol;;;;;;;;;;;;;
TIR_ADJ;Tyrolean;;;;;;;;;;;;;
TJK;Tajikistan;Tajikistan;Tajikistan;;;;;;;;;;;
TJK_ADJ;Tajik;;;;;;;;;;;;;
TKS;Turania;;;;;;;;;;;;;
TKS_ADJ;Turanian;;;;;;;;;;;;;
TNG;Tungning;Tungning;Tungning;;;;;;;;;;;
TNG_ADJ;Tungning;Tungning;Tungning;;;;;;;;;;;
TNT;Oirat;;;;;;;;;;;;;
TNT_ADJ;Oirat;;;;;;;;;;;;;
TNT_feudal_monarchy;Oirat Confederation;Oirat Confederation;Oirat Confederation;;;;;;;;;;;
TNT_absolute_monarchy;Oirat Confederation;Oirat Confederation;Oirat Confederation;;;;;;;;;;;
TNT_prussian_constitutionalism;Oirat Confederation;Oirat Confederation;Oirat Confederation;;;;;;;;;;;
TNT_hms_government;Oirat Confederation;Oirat Confederation;Oirat Confederation;;;;;;;;;;;
TNT_democracy;Oirat Confederation;Oirat Confederation;Oirat Confederation;;;;;;;;;;;
TNT_parliamentary_republic;Oirat Confederation;Oirat Confederation;Oirat Confederation;;;;;;;;;;;
TNT_fascist_monarchy;Oirat Empire;Oirat Empire;Oirat Empire;;;;;;;;;;;
TON_absolute_monarchy;Sugbu;Sugbu;Sugbu;;;;;;;;;;;
TON_absolute_monarchy_ADJ;Sugbu;Sugbu;Sugbu;;;;;;;;;;;
TON;Christianias;Christines;Christianias;;;;;;;;;;;
TON_ADJ;Christianians;Christiens;Christianer;;;;;;;;;;;
TRA;Travancore;Travancore;Travancore;;Travancore;;;;;;;;;
TRA_ADJ;Travancorian;Travancorien;Travancorisch;;;;;;;;;;;
TRI;Tripoli;Tripoli;Tripolis;;Trípoli;;;;;;;;;
TRI_ADJ;Tripolitanian;Tripolitain;Tripolitanisch;;;;;;;;;;;
TRN;Transkaap;Transkaap;Transkaap;;;;;;;;;;;
TRN_ADJ;Transkaap;Transkaap;Transkaap;;;;;;;;;;;
TRO;Terra d'Oro;;;;;;;;;;;;;
TRO_ADJ;Aurean;;;;;;;;;;;;;
TSS;Trans-Siberia;;;;;;;;;;;;;
TSS_ADJ;Siberian;;;;;;;;;;;;;
TSW;Botswana;Botswana;Botswana;;Botswana;;;;;;;;;
TSW_ADJ;Tswana;Tswana;Tswana;;;;;;;;;;;
TUI;The Tonga Federation;;;;;;;;;;;;;
TUI_ADJ;Tongan;;;;;;;;;;;;;
TUI_feudal_monarchy;T'ui Tonga;;;;;;;;;;;;;
TUI_absolute_monarchy;T'ui Tonga;;;;;;;;;;;;;
TUI_prussian_constitutionalism;T'ui Tonga;;;;;;;;;;;;;
TUI_hms_government;T'ui Tonga;;;;;;;;;;;;;
TUN;Tunisia;Tunisia;Tunisia;;;;;;;;;;;
TUN_ADJ;Tunisian;Tunisien;Tunesisch;;Tunecina;;;;;;;;;
TUN_feudal_monarchy;The Hafsid Kingdom;The Hafsid Kingdom;The Hafsid Kingdom;;;;;;;;;;;
TUN_feudal_monarchy_ADJ;Hafsid;Hafsid;Hafsid;;;;;;;;;;;
TUN_absolute_monarchy;The Hafsid Kingdom;The Hafsid Kingdom;The Hafsid Kingdom;;;;;;;;;;;
TUN_absolute_monarchy_ADJ;Hafsid;Hafsid;Hafsid;;;;;;;;;;;
TUN_prussian_constitutionalism;The Hafsid Kingdom;The Hafsid Kingdom;The Hafsid Kingdom;;;;;;;;;;;
TUN_prussian_constitutionalism_ADJ;Hafsid;Hafsid;Hafsid;;;;;;;;;;;
TUN_hms_government;The Hafsid Kingdom;The Hafsid Kingdom;The Hafsid Kingdom;;;;;;;;;;;
TUN_hms_government_ADJ;Hafsid;Hafsid;Hafsid;;;;;;;;;;;
TUN_fascist_monarchy;The Hafsid Empire;The Hafsid Empire;The Hafsid Empire;;;;;;;;;;;;
TUN_fascist_monarchy_ADJ;Hafsid;Hafsid;Hafsid;;;;;;;;;;;
TUR;Turkey;Turquie;Türkei;;;;;;;;;;;
TUR_ADJ;Turkish;Turque;Turkisch;;;;;;;;;;;
TUR_presidential_dictatorship;The Sublime Porte;The Sublime Porte;The Sublime Porte;;;;;;;;;;;
TUR_presidential_dictatorship_ADJ;Ottoman;Ottoman;Osmanisch;;;;;;;;;;;
TUR_absolute_monarchy;The Ottoman Empire;Empire ottoman;Osmanisches Reich;;;;;;;;;;;
TUR_absolute_monarchy_ADJ;Ottoman;Ottoman;Osmanisch;;;;;;;;;;;
TUR_prussian_constitutionalism;The Ottoman Empire;Empire ottoman;Osmanisches Reich;;;;;;;;;;;
TUR_prussian_constitutionalism_ADJ;Ottoman;Ottoman;Osmanisch;;;;;;;;;;;
TUR_hms_government;The Ottoman Empire;Empire ottoman;Osmanisches Reich;;;;;;;;;;;
TUR_hms_government_ADJ;Ottoman;Ottoman;Osmanisch;;;;;;;;;;;
TUR_fascist_monarchy;The Ottoman Empire;Empire ottoman;Osmanisches Reich;;;;;;;;;;;
TUR_fascist_monarchy_ADJ;Ottoman;Ottoman;Osmanisch;;;;;;;;;;;
TUS;Etruria;;;;;;;;;;;;;
TUS_ADJ;Etrurian;;;;;;;;;;;;;
TUS_absolute_monarchy;Tuscany;;;;;;;;;;;;;
TUS_absolute_monarchy_ADJ;Tuscan;;;;;;;;;;;;;
TUS_prussian_constitutionalism;Tuscany;;;;;;;;;;;;;
TUS_prussian_constitutionalism_ADJ;Tuscan;;;;;;;;;;;;;
TUS_hms_government;Tuscany;;;;;;;;;;;;;
TUS_hms_government_ADJ;Tuscan;;;;;;;;;;;;;
TUS_fascist_monarchy;Tuscany;;;;;;;;;;;;;
TUS_fascist_monarchy_ADJ;Tuscan;;;;;;;;;;;;;
UAR;The United Arab Republic;;;;;;;;;;;;;
UAR_ADJ;Arab;;;;;;;;;;;;;
UAR_absolute_monarchy;The Caliphate;;;;;;;;;;;;;
UAR_prussian_constitutionalism;The Caliphate;;;;;;;;;;;;;
UAR_hms_government;The Arab Federation;;;;;;;;;;;;;
UBD;New Courland;;;;;;;;;;;;;
UBD_ADJ;Neo-Curonian;;;;;;;;;;;;;
UCA;The United Provinces of Salvador;Les Provinces Unies du Salvador;The UPS;;;;;;;;;;;
UCA_ADJ;Salvadorian;Salvadorien;Salvadorian;;;;;;;;;;;
UCA_absolute_monarchy;Greater Salvador;Greater Salvador;Greater Salvador;;;;;;;;;;;
UCA_prussian_constitutionalism;Greater Salvador;Greater Salvador;Greater Salvador;;;;;;;;;;;
UCA_hms_government;Greater Salvador;Greater Salvador;Greater Salvador;;;;;;;;;;;
UGH;Uyghuristan;Uyghuristan;Uyghuristan;;;;;;;;;;;
UGH_ADJ;Uyghur;;;;;;;;;;;;;
UGH_feudal_monarchy;Uyghur Khanate;;;;;;;;;;;;;
UGH_absolute_monarchy;Uyghur Khanate;;;;;;;;;;;;;
UKR;Kiev;Kiev;Kiew;;;;;;;;;;;
UKR_ADJ;Kievan;Kievien;Kiewisch;;;;;;;;;;;
UKR_absolute_monarchy;The Hetmanate;The Hetmanate;The Hetmanate;;;;;;;;;;;
UKR_prussian_constitutionalism;The Hetmanate;The Hetmanate;The Hetmanate;;;;;;;;;;;
UKR_hms_government;The Hetmanate;The Hetmanate;The Hetmanate;;;;;;;;;;;
UZB;Uzbekistan;Ouzbekistan;Uzbekistan;;;;;;;;;;;
UZB_ADJ;Uzbek;;;;;;;;;;;;;
#UZB_feudal_monarchy;Samarkand;;;;;;;;;;;;;
#UZB_absolute_monarchy;Samarkand;;;;;;;;;;;;;
VEN;Venice;Venise;Venedig;;Venecia;;;;;;;;;
VEN_ADJ;Venetian;Vénitien;Venezianisch;;;;;;;;;;;
VEN_fascist_dictatorship;Serenissima;;;;;;;;;;;;;
VEN_fascist_monarchy;Serenissima;;;;;;;;;;;;;
VEN_democracy;The San Marco's Republic;The San Marco's Republic;The San Marco's Republic;;;;;;;;;;;
VEN_parliamentary_republic;The San Marco's Republic;The San Marco's Republic;The San Marco's Republic;;;;;;;;;;;
VIJ;Maratha Confederacy;Maratha Confederacy;Maratha Confederacy;;;;;;;;;;;
VIJ_ADJ;Marathas;Marathas;Marathas;;;;;;;;;;;
VIN;Vinland;Vinland;Vinland;;;;;;;;;;;
VIN_ADJ;Vinlandic;Vinlandais;Vinländisch;;;;;;;;;;;
WAL;Wallachia;Valachie;Walachei;;Valaquia;;;;;;;;;
WAL_ADJ;Wallachian;Valachien;Walacheiisch;;;;;;;;;;;
WES;Westphalia;Westphalie;Westfalen;;;;;;;;;;;
WES_ADJ;Westphalian;Westphalien;Westfälisch;;;;;;;;;;;
WLS;Wales;Pays de Galles;Wales;;;;;;;;;;;
WLS_ADJ;Welsh;Gallois;Walisisch;;;;;;;;;;;
WTT;Wattara;;;;;;;;;;;;;
WTT_ADJ;Wattara;;;;;;;;;;;;;
WUR;Württemberg;Wurtemberg;Württemberg ;;Württemberg;;;;;;;;;
WUR_ADJ;Wurttembergian;Wurtembergeois;Württembergisch;;;;;;;;;;;
XBI;Tangut;Tangut;Tangut;;;;;;;;;;;
XBI_ADJ;Tangut;Tangut;Tangut;;;;;;;;;;;
XHO;Xhosa;Xhosa;Xhosa;;Kosoj;;;;;;;;;
XHO_ADJ;Xhosa;Xhosa;Xhosa;;;;;;;;;;;
XHO_democracy;Xhosaland;;;;;;;;;;;;;
XHO_parliamentary_republic;Xhosaland;;;;;;;;;;;;;
YEM;Yemen;Yémen;Jemen;;Yemen;;;;;;;;;
YEM_ADJ;Yemeni;Yéménite;Jemenitisch;;Yemení;;;;;;;;;
YKT;Yakutia;;;;;;;;;;;;;
YKT_ADJ;Yakut;;;;;;;;;;;;;
YUC;Mayapan;;;;;;;;;;;;;
YUC_ADJ;Mayan;;;;;;;;;;;;;
YUG;Yugoslavia;Yougoslavie;Jugoslawien;;;;;;;;;;;
YUG_ADJ;Yugoslavian;Yougoslavien;Jugoslawisch;;;;;;;;;;;
ZAN;Zanzibar;Zanzibar;Sansibar;;Zanzíbar;;;;;;;;;
ZAN_ADJ;Zanzibari;Zanzibarien;Sansibarisch;;;;;;;;;;;
ZAP;Oaxaca;Zapotec;Zapotec;;;;;;;;;;;
ZAP_ADJ;Zapoteca;Zapoteca;Zapoteca;;;;;;;;;;;
ZIM;Mutapa;Mutapa;Mutapa;;;;;;;;;;;
ZIM_ADJ;Mutapan;Mutapan;Mutapan;;;;;;;;;;;
ZND;Shiraz;Shiraz;Shiraz;;;;;;;;;;;
ZND_ADJ;Shirazi;Shirazi;Shirazi;;;;;;;;;;;
ZUL;Zulu;Zoulou;Zulu;;Zulú;;;;;;;;;
ZUL_ADJ;Zulu;Zoulou;Zulu;;;;;;;;;;;