#GTFO localisation;;;;;;;;;;;;;;,,,,,,,,,,,,,,,,,,,,,,,,,,
gtfo_on_title;Show 'Release Vassal' Decisions;;;;;;;;;;;;;,,,,,,,,,,,,,,,,,,,,,,,,,,
gtfo_on_desc;The Release Vassal decisions allow releasing vassals, and are normally hidden to keep the decision list short and clear.;;;;;;;;;;;;;,,,,,,,,,,,,,,,,,,,,,,,,,
gtfo_off_title;Hide 'Release Vassal' Decisions;;;;;;;;;;;;;,,,,,,,,,,,,,,,,,,,,,,,,,,
gtfo_off_desc;The decisions to release vassals will be hidden again.;;;;;;;;;;;;;,,,,,,,,,,,,,,,,,,,,,,,,,,
gtfo_ASH_title;Grant Ashanti Independence;;;;;;;;;;;;;,,,,,,,,,,,,,,,,,,,,,,,,,,
gtfo_ASH_desc;We've had a good run, but it's time to end our rulership of Ashanti.;;;;;;;;;;;;;,,,,,,,,,,,,,,,,,,,,,,,,,
gtfo_BSH_title;Grant Lesotho Independence;;;;;;;;;;;;;,,,,,,,,,,,,,,,,,,,,,,,,,,
gtfo_BSH_desc;We've had a good run, but it's time to end our rulership of Lesotho.;;;;;;;;;;;;;,,,,,,,,,,,,,,,,,,,,,,,,,
gtfo_KON_title;Grant Kongo Independence;;;;;;;;;;;;;,,,,,,,,,,,,,,,,,,,,,,,,,,
gtfo_KON_desc;We've had a good run, but it's time to end our rulership of Kongo.;;;;;;;;;;;;;,,,,,,,,,,,,,,,,,,,,,,,,,
gtfo_KUB_title;Grant Kuba Independence;;;;;;;;;;;;;,,,,,,,,,,,,,,,,,,,,,,,,,,
gtfo_KUB_desc;We've had a good run, but it's time to end our rulership of Kuba.;;;;;;;;;;;;;,,,,,,,,,,,,,,,,,,,,,,,,,
gtfo_KZB_title;Grant Kazembe Independence;;;;;;;;;;;;;,,,,,,,,,,,,,,,,,,,,,,,,,,
gtfo_KZB_desc;We've had a good run, but it's time to end our rulership of Kazembe.;;;;;;;;;;;;;,,,,,,,,,,,,,,,,,,,,,,,,,
gtfo_LBA_title;Grant Luba Independence;;;;;;;;;;;;;,,,,,,,,,,,,,,,,,,,,,,,,,,
gtfo_LBA_desc;We've had a good run, but it's time to end our rulership of Luba.;;;;;;;;;;;;;,,,,,,,,,,,,,,,,,,,,,,,,,
gtfo_LOA_title;Grant Loango Independence;;;;;;;;;;;;;,,,,,,,,,,,,,,,,,,,,,,,,,,
gtfo_LOA_desc;We've had a good run, but it's time to end our rulership of Loango.;;;;;;;;;;;;;,,,,,,,,,,,,,,,,,,,,,,,,,
gtfo_LUN_title;Grant Lunda Independence;;;;;;;;;;;;;,,,,,,,,,,,,,,,,,,,,,,,,,,
gtfo_LUN_desc;We've had a good run, but it's time to end our rulership of Lunda.;;;;;;;;;;;;;,,,,,,,,,,,,,,,,,,,,,,,,,
gtfo_MAT_title;Grant Matabele Independence;;;;;;;;;;;;;,,,,,,,,,,,,,,,,,,,,,,,,,,
gtfo_MAT_desc;We've had a good run, but it's time to end our rulership of Matabele.;;;;;;;;;;;;;,,,,,,,,,,,,,,,,,,,,,,,,,
gtfo_MNG_title;Grant Mongo Independence;;;;;;;;;;;;;,,,,,,,,,,,,,,,,,,,,,,,,,,
gtfo_MNG_desc;We've had a good run, but it's time to end our rulership of Mongo.;;;;;;;;;;;;;,,,,,,,,,,,,,,,,,,,,,,,,,
gtfo_SFJ_title;Grant Sudurhafeyjar Independence;;;;;;;;;;;;;,,,,,,,,,,,,,,,,,,,,,,,,,,
gtfo_SFJ_desc;We've had a good run, but it's time to end our rulership of Sudurhafeyjar.;;;;;;;;;;;;;,,,,,,,,,,,,,,,,,,,,,,,,,
gtfo_SHO_title;Grant Shona Independence;;;;;;;;;;;;;,,,,,,,,,,,,,,,,,,,,,,,,,,
gtfo_SHO_desc;We've had a good run, but it's time to end our rulership of Shona.;;;;;;;;;;;;;,,,,,,,,,,,,,,,,,,,,,,,,,
gtfo_SUA_title;Grant Suazi Independence;;;;;;;;;;;;;,,,,,,,,,,,,,,,,,,,,,,,,,,
gtfo_SUA_desc;We've had a good run, but it's time to end our rulership of Suazi.;;;;;;;;;;;;;,,,,,,,,,,,,,,,,,,,,,,,,,
gtfo_XHO_title;Grant Xhosa Independence;;;;;;;;;;;;;,,,,,,,,,,,,,,,,,,,,,,,,,,
gtfo_XHO_desc;We've had a good run, but it's time to end our rulership of Xhosa.;;;;;;;;;;;;;,,,,,,,,,,,,,,,,,,,,,,,,,
gtfo_HLR_title;Grant the Holy Roman Empire Independence;;;;;;;;;;;;;,,,,,,,,,,,,,,,,,,,,,,,,,,
gtfo_HLR_desc;We've had a good run, but it's time to end our rulership of the Holy Roman Empire.;;;;;;;;;;;;;,,,,,,,,,,,,,,,,,,,,,,,,,
gtfo_AZL_title;Grant the Amerigan Federation Independence;;;;;;;;;;;;;,,,,,,,,,,,,,,,,,,,,,,,,,,
gtfo_AZL_desc;We've had a good run, but it's time to end our rulership of the Amerigan Federation.;;;;;;;;;;;;;,,,,,,,,,,,,,,,,,,,,,,,,,
gtfo_TAR_title;Grant Tatarstan Independence;;;;;;;;;;;;;,,,,,,,,,,,,,,,,,,,,,,,,,,
gtfo_TAR_desc;We've had a good run, but it's time to end our rulership of Tatarstan.;;;;;;;;;;;;;,,,,,,,,,,,,,,,,,,,,,,,,,
gtfo_ASM_title;Grant Assam Independence;;;;;;;;;;;;;,,,,,,,,,,,,,,,,,,,,,,,,,,
gtfo_ASM_desc;We've had a good run, but it's time to end our rulership of Assam.;;;;;;;;;;;;;,,,,,,,,,,,,,,,,,,,,,,,,,
gtfo_ARC_title;Grant Arcadia Independence;;;;;;;;;;;;;,,,,,,,,,,,,,,,,,,,,,,,,,,
gtfo_ARC_desc;We've had a good run, but it's time to end our rulership of Arcadia.;;;;;;;;;;;;;,,,,,,,,,,,,,,,,,,,,,,,,,
gtfo_TRO_title;Grant Terra d'Oro Independence;;;;;;;;;;;;;,,,,,,,,,,,,,,,,,,,,,,,,,,
gtfo_TRO_desc;We've had a good run, but it's time to end our rulership of Terra d'Oro.;;;;;;;;;;;;;,,,,,,,,,,,,,,,,,,,,,,,,,
gtfo_ENG_title;Grant the British Commonwealth Independence;;;;;;;;;;;;;,,,,,,,,,,,,,,,,,,,,,,,,,,
gtfo_ENG_desc;We've had a good run, but it's time to end our rulership of the British Commonwealth.;;;;;;;;;;;;;,,,,,,,,,,,,,,,,,,,,,,,,,
gtfo_RUS_title;Grant Russia Independence;;;;;;;;;;;;;,,,,,,,,,,,,,,,,,,,,,,,,,,
gtfo_RUS_desc;We've had a good run, but it's time to end our rulership of Russia.;;;;;;;;;;;;;,,,,,,,,,,,,,,,,,,,,,,,,,
gtfo_FRA_title;Grant France Independence;;;;;;;;;;;;;,,,,,,,,,,,,,,,,,,,,,,,,,,
gtfo_FRA_desc;We've had a good run, but it's time to end our rulership of France.;;;;;;;;;;;;;,,,,,,,,,,,,,,,,,,,,,,,,,
gtfo_DUA_title;Grant the Dual Monarchy Independence;;;;;;;;;;;;;,,,,,,,,,,,,,,,,,,,,,,,,,,
gtfo_DUA_desc;We've had a good run, but it's time to end our rulership of the Dual Monarchy.;;;;;;;;;;;;;,,,,,,,,,,,,,,,,,,,,,,,,,
gtfo_PRU_title;Grant Prussia Independence;;;;;;;;;;;;;,,,,,,,,,,,,,,,,,,,,,,,,,,
gtfo_PRU_desc;We've had a good run, but it's time to end our rulership of Prussia.;;;;;;;;;;;;;,,,,,,,,,,,,,,,,,,,,,,,,,
gtfo_GER_title;Grant Germany Independence;;;;;;;;;;;;;,,,,,,,,,,,,,,,,,,,,,,,,,,
gtfo_GER_desc;We've had a good run, but it's time to end our rulership of Germany.;;;;;;;;;;;;;,,,,,,,,,,,,,,,,,,,,,,,,,
gtfo_AUS_title;Grant Austria Independence;;;;;;;;;;;;;,,,,,,,,,,,,,,,,,,,,,,,,,,
gtfo_AUS_desc;We've had a good run, but it's time to end our rulership of Austria.;;;;;;;;;;;;;,,,,,,,,,,,,,,,,,,,,,,,,,
gtfo_JAP_title;Grant Japan Independence;;;;;;;;;;;;;,,,,,,,,,,,,,,,,,,,,,,,,,,
gtfo_JAP_desc;We've had a good run, but it's time to end our rulership of Japan.;;;;;;;;;;;;;,,,,,,,,,,,,,,,,,,,,,,,,,
gtfo_TUR_title;Grant Turkey Independence;;;;;;;;;;;;;,,,,,,,,,,,,,,,,,,,,,,,,,,
gtfo_TUR_desc;We've had a good run, but it's time to end our rulership of Turkey.;;;;;;;;;;;;;,,,,,,,,,,,,,,,,,,,,,,,,,
gtfo_CHI_title;Grant China Independence;;;;;;;;;;;;;,,,,,,,,,,,,,,,,,,,,,,,,,,
gtfo_CHI_desc;We've had a good run, but it's time to end our rulership of China.;;;;;;;;;;;;;,,,,,,,,,,,,,,,,,,,,,,,,,
gtfo_ARA_title;Grant Aragon Independence;;;;;;;;;;;;;,,,,,,,,,,,,,,,,,,,,,,,,,,
gtfo_ARA_desc;We've had a good run, but it's time to end our rulership of Aragon.;;;;;;;;;;;;;,,,,,,,,,,,,,,,,,,,,,,,,,
gtfo_CAT_title;Grant Catalonia Independence;;;;;;;;;;;;;,,,,,,,,,,,,,,,,,,,,,,,,,,
gtfo_CAT_desc;We've had a good run, but it's time to end our rulership of Catalonia.;;;;;;;;;;;;;,,,,,,,,,,,,,,,,,,,,,,,,,
gtfo_GAL_title;Grant Galicia Independence;;;;;;;;;;;;;,,,,,,,,,,,,,,,,,,,,,,,,,,
gtfo_GAL_desc;We've had a good run, but it's time to end our rulership of Galicia.;;;;;;;;;;;;;,,,,,,,,,,,,,,,,,,,,,,,,,
gtfo_NAV_title;Grant Navarra Independence;;;;;;;;;;;;;,,,,,,,,,,,,,,,,,,,,,,,,,,
gtfo_NAV_desc;We've had a good run, but it's time to end our rulership of Navarra.;;;;;;;;;;;;;,,,,,,,,,,,,,,,,,,,,,,,,,
gtfo_POR_title;Grant Portugal Independence;;;;;;;;;;;;;,,,,,,,,,,,,,,,,,,,,,,,,,,
gtfo_POR_desc;We've had a good run, but it's time to end our rulership of Portugal.;;;;;;;;;;;;;,,,,,,,,,,,,,,,,,,,,,,,,,
gtfo_SPA_title;Grant Spain Independence;;;;;;;;;;;;;,,,,,,,,,,,,,,,,,,,,,,,,,,
gtfo_SPA_desc;We've had a good run, but it's time to end our rulership of Spain.;;;;;;;;;;;;;,,,,,,,,,,,,,,,,,,,,,,,,,
gtfo_ARI_title;Grant Aragon-Italy Independence;;;;;;;;;;;;;,,,,,,,,,,,,,,,,,,,,,,,,,,
gtfo_ARI_desc;We've had a good run, but it's time to end our rulership of Aragon-Italy.;;;;;;;;;;;;;,,,,,,,,,,,,,,,,,,,,,,,,,
gtfo_FRR_title;Grant Ferrara Independence;;;;;;;;;;;;;,,,,,,,,,,,,,,,,,,,,,,,,,,
gtfo_FRR_desc;We've had a good run, but it's time to end our rulership of Ferrara.;;;;;;;;;;;;;,,,,,,,,,,,,,,,,,,,,,,,,,
gtfo_GEN_title;Grant Genoa Independence;;;;;;;;;;;;;,,,,,,,,,,,,,,,,,,,,,,,,,,
gtfo_GEN_desc;We've had a good run, but it's time to end our rulership of Genoa.;;;;;;;;;;;;;,,,,,,,,,,,,,,,,,,,,,,,,,
gtfo_ITA_title;Grant Italy Independence;;;;;;;;;;;;;,,,,,,,,,,,,,,,,,,,,,,,,,,
gtfo_ITA_desc;We've had a good run, but it's time to end our rulership of Italy.;;;;;;;;;;;;;,,,,,,,,,,,,,,,,,,,,,,,,,
gtfo_LOM_title;Grant Lombardia Independence;;;;;;;;;;;;;,,,,,,,,,,,,,,,,,,,,,,,,,,
gtfo_LOM_desc;We've had a good run, but it's time to end our rulership of Lombardia.;;;;;;;;;;;;;,,,,,,,,,,,,,,,,,,,,,,,,,
gtfo_LUC_title;Grant Lucca Independence;;;;;;;;;;;;;,,,,,,,,,,,,,,,,,,,,,,,,,,
gtfo_LUC_desc;We've had a good run, but it's time to end our rulership of Lucca.;;;;;;;;;;;;;,,,,,,,,,,,,,,,,,,,,,,,,,
gtfo_MLT_title;Grant Malta Independence;;;;;;;;;;;;;,,,,,,,,,,,,,,,,,,,,,,,,,,
gtfo_MLT_desc;We've had a good run, but it's time to end our rulership of Malta.;;;;;;;;;;;;;,,,,,,,,,,,,,,,,,,,,,,,,,
gtfo_MOD_title;Grant Modena Independence;;;;;;;;;;;;;,,,,,,,,,,,,,,,,,,,,,,,,,,
gtfo_MOD_desc;We've had a good run, but it's time to end our rulership of Modena.;;;;;;;;;;;;;,,,,,,,,,,,,,,,,,,,,,,,,,
gtfo_PAP_title;Grant the Papal States Independence;;;;;;;;;;;;;,,,,,,,,,,,,,,,,,,,,,,,,,,
gtfo_PAP_desc;We've had a good run, but it's time to end our rulership of the Papal States.;;;;;;;;;;;;;,,,,,,,,,,,,,,,,,,,,,,,,,
gtfo_PAR_title;Grant Parma Independence;;;;;;;;;;;;;,,,,,,,,,,,,,,,,,,,,,,,,,,
gtfo_PAR_desc;We've had a good run, but it's time to end our rulership of Parma.;;;;;;;;;;;;;,,,,,,,,,,,,,,,,,,,,,,,,,
gtfo_SAR_title;Grant Savoy Independence;;;;;;;;;;;;;,,,,,,,,,,,,,,,,,,,,,,,,,,
gtfo_SAR_desc;We've had a good run, but it's time to end our rulership of Savoy.;;;;;;;;;;;;;,,,,,,,,,,,,,,,,,,,,,,,,,
gtfo_SIC_title;Grant Two Sicilies Independence;;;;;;;;;;;;;,,,,,,,,,,,,,,,,,,,,,,,,,,
gtfo_SIC_desc;We've had a good run, but it's time to end our rulership of Two Sicilies.;;;;;;;;;;;;;,,,,,,,,,,,,,,,,,,,,,,,,,
gtfo_SRD_title;Grant Arborea Independence;;;;;;;;;;;;;,,,,,,,,,,,,,,,,,,,,,,,,,,
gtfo_SRD_desc;We've had a good run, but it's time to end our rulership of Arborea.;;;;;;;;;;;;;,,,,,,,,,,,,,,,,,,,,,,,,,
gtfo_VEN_title;Grant Venice Independence;;;;;;;;;;;;;,,,,,,,,,,,,,,,,,,,,,,,,,,
gtfo_VEN_desc;We've had a good run, but it's time to end our rulership of Venice.;;;;;;;;;;;;;,,,,,,,,,,,,,,,,,,,,,,,,,
gtfo_FRT_title;Grant Transalpina Independence;;;;;;;;;;;;;,,,,,,,,,,,,,,,,,,,,,,,,,,
gtfo_FRT_desc;We've had a good run, but it's time to end our rulership of Transalpina.;;;;;;;;;;;;;,,,,,,,,,,,,,,,,,,,,,,,,,
gtfo_ENL_title;Grant England Independence;;;;;;;;;;;;;,,,,,,,,,,,,,,,,,,,,,,,,,,
gtfo_ENL_desc;We've had a good run, but it's time to end our rulership of England.;;;;;;;;;;;;;,,,,,,,,,,,,,,,,,,,,,,,,,
gtfo_OCC_title;Grant Occitania Independence;;;;;;;;;;;;;,,,,,,,,,,,,,,,,,,,,,,,,,,
gtfo_OCC_desc;We've had a good run, but it's time to end our rulership of Occitania.;;;;;;;;;;;;;,,,,,,,,,,,,,,,,,,,,,,,,,
gtfo_WLS_title;Grant Wales Independence;;;;;;;;;;;;;,,,,,,,,,,,,,,,,,,,,,,,,,,
gtfo_WLS_desc;We've had a good run, but it's time to end our rulership of Wales.;;;;;;;;;;;;;,,,,,,,,,,,,,,,,,,,,,,,,,
gtfo_BRG_title;Grant Burgundy Independence;;;;;;;;;;;;;,,,,,,,,,,,,,,,,,,,,,,,,,,
gtfo_BRG_desc;We've had a good run, but it's time to end our rulership of Burgundy.;;;;;;;;;;;;;,,,,,,,,,,,,,,,,,,,,,,,,,
gtfo_FLA_title;Grant Flanders Independence;;;;;;;;;;;;;,,,,,,,,,,,,,,,,,,,,,,,,,,
gtfo_FLA_desc;We've had a good run, but it's time to end our rulership of Flanders.;;;;;;;;;;;;;,,,,,,,,,,,,,,,,,,,,,,,,,
gtfo_IRE_title;Grant Ireland Independence;;;;;;;;;;;;;,,,,,,,,,,,,,,,,,,,,,,,,,,
gtfo_IRE_desc;We've had a good run, but it's time to end our rulership of Ireland.;;;;;;;;;;;;;,,,,,,,,,,,,,,,,,,,,,,,,,
gtfo_NET_title;Grant Netherlands Independence;;;;;;;;;;;;;,,,,,,,,,,,,,,,,,,,,,,,,,,
gtfo_NET_desc;We've had a good run, but it's time to end our rulership of Netherlands.;;;;;;;;;;;;;,,,,,,,,,,,,,,,,,,,,,,,,,
gtfo_SCO_title;Grant Scotland Independence;;;;;;;;;;;;;,,,,,,,,,,,,,,,,,,,,,,,,,,
gtfo_SCO_desc;We've had a good run, but it's time to end our rulership of Scotland.;;;;;;;;;;;;;,,,,,,,,,,,,,,,,,,,,,,,,,
gtfo_BRT_title;Grant Brittany Independence;;;;;;;;;;;;;,,,,,,,,,,,,,,,,,,,,,,,,,,
gtfo_BRT_desc;We've had a good run, but it's time to end our rulership of Brittany.;;;;;;;;;;;;;,,,,,,,,,,,,,,,,,,,,,,,,,
gtfo_PRV_title;Grant Provence Independence;;;;;;;;;;;;;,,,,,,,,,,,,,,,,,,,,,,,,,,
gtfo_PRV_desc;We've had a good run, but it's time to end our rulership of Provence.;;;;;;;;;;;;;,,,,,,,,,,,,,,,,,,,,,,,,,
gtfo_GNV_title;Grant Geneva Independence;;;;;;;;;;;;;,,,,,,,,,,,,,,,,,,,,,,,,,,
gtfo_GNV_desc;We've had a good run, but it's time to end our rulership of Geneva.;;;;;;;;;;;;;,,,,,,,,,,,,,,,,,,,,,,,,,
gtfo_LRR_title;Grant Lorraine Independence;;;;;;;;;;;;;,,,,,,,,,,,,,,,,,,,,,,,,,,
gtfo_LRR_desc;We've had a good run, but it's time to end our rulership of Lorraine.;;;;;;;;;;;;;,,,,,,,,,,,,,,,,,,,,,,,,,
gtfo_TUS_title;Grant Etruria Independence;;;;;;;;;;;;;,,,,,,,,,,,,,,,,,,,,,,,,,,
gtfo_TUS_desc;We've had a good run, but it's time to end our rulership of Etruria.;;;;;;;;;;;;;,,,,,,,,,,,,,,,,,,,,,,,,,
gtfo_BOH_title;Grant Bohemia Independence;;;;;;;;;;;;;,,,,,,,,,,,,,,,,,,,,,,,,,,
gtfo_BOH_desc;We've had a good run, but it's time to end our rulership of Bohemia.;;;;;;;;;;;;;,,,,,,,,,,,,,,,,,,,,,,,,,
gtfo_CRI_title;Grant Crimea Independence;;;;;;;;;;;;;,,,,,,,,,,,,,,,,,,,,,,,,,,
gtfo_CRI_desc;We've had a good run, but it's time to end our rulership of Crimea.;;;;;;;;;;;;;,,,,,,,,,,,,,,,,,,,,,,,,,
gtfo_EST_title;Grant Estland Independence;;;;;;;;;;;;;,,,,,,,,,,,,,,,,,,,,,,,,,,
gtfo_EST_desc;We've had a good run, but it's time to end our rulership of Estland.;;;;;;;;;;;;;,,,,,,,,,,,,,,,,,,,,,,,,,
gtfo_HUN_title;Grant Hungary Independence;;;;;;;;;;;;;,,,,,,,,,,,,,,,,,,,,,,,,,,
gtfo_HUN_desc;We've had a good run, but it's time to end our rulership of Hungary.;;;;;;;;;;;;;,,,,,,,,,,,,,,,,,,,,,,,,,
gtfo_LIT_title;Grant Lithuania Independence;;;;;;;;;;;;;,,,,,,,,,,,,,,,,,,,,,,,,,,
gtfo_LIT_desc;We've had a good run, but it's time to end our rulership of Lithuania.;;;;;;;;;;;;;,,,,,,,,,,,,,,,,,,,,,,,,,
gtfo_LAT_title;Grant Livonia Independence;;;;;;;;;;;;;,,,,,,,,,,,,,,,,,,,,,,,,,,
gtfo_LAT_desc;We've had a good run, but it's time to end our rulership of Livonia.;;;;;;;;;;;;;,,,,,,,,,,,,,,,,,,,,,,,,,
gtfo_POL_title;Grant Poland Independence;;;;;;;;;;;;;,,,,,,,,,,,,,,,,,,,,,,,,,,
gtfo_POL_desc;We've had a good run, but it's time to end our rulership of Poland.;;;;;;;;;;;;;,,,,,,,,,,,,,,,,,,,,,,,,,
gtfo_SLV_title;Grant Slovakia Independence;;;;;;;;;;;;;,,,,,,,,,,,,,,,,,,,,,,,,,,
gtfo_SLV_desc;We've had a good run, but it's time to end our rulership of Slovakia.;;;;;;;;;;;;;,,,,,,,,,,,,,,,,,,,,,,,,,
gtfo_SWI_title;Grant Switzerland Independence;;;;;;;;;;;;;,,,,,,,,,,,,,,,,,,,,,,,,,,
gtfo_SWI_desc;We've had a good run, but it's time to end our rulership of Switzerland.;;;;;;;;;;;;;,,,,,,,,,,,,,,,,,,,,,,,,,
gtfo_RUT_title;Grant Ruthenia Independence;;;;;;;;;;;;;,,,,,,,,,,,,,,,,,,,,,,,,,,
gtfo_RUT_desc;We've had a good run, but it's time to end our rulership of Ruthenia.;;;;;;;;;;;;;,,,,,,,,,,,,,,,,,,,,,,,,,
gtfo_CRE_title;Grant Crete Independence;;;;;;;;;;;;;,,,,,,,,,,,,,,,,,,,,,,,,,,
gtfo_CRE_desc;We've had a good run, but it's time to end our rulership of Crete.;;;;;;;;;;;;;,,,,,,,,,,,,,,,,,,,,,,,,,
gtfo_UKR_title;Grant Kiev Independence;;;;;;;;;;;;;,,,,,,,,,,,,,,,,,,,,,,,,,,
gtfo_UKR_desc;We've had a good run, but it's time to end our rulership of Kiev.;;;;;;;;;;;;;,,,,,,,,,,,,,,,,,,,,,,,,,
gtfo_SIE_title;Grant Transylvania Independence;;;;;;;;;;;;;,,,,,,,,,,,,,,,,,,,,,,,,,,
gtfo_SIE_desc;We've had a good run, but it's time to end our rulership of Transylvania.;;;;;;;;;;;;;,,,,,,,,,,,,,,,,,,,,,,,,,
gtfo_NOV_title;Grant Novgorod Independence;;;;;;;;;;;;;,,,,,,,,,,,,,,,,,,,,,,,,,,
gtfo_NOV_desc;We've had a good run, but it's time to end our rulership of Novgorod.;;;;;;;;;;;;;,,,,,,,,,,,,,,,,,,,,,,,,,
gtfo_MUS_title;Grant Muscovy Independence;;;;;;;;;;;;;,,,,,,,,,,,,,,,,,,,,,,,,,,
gtfo_MUS_desc;We've had a good run, but it's time to end our rulership of Muscovy.;;;;;;;;;;;;;,,,,,,,,,,,,,,,,,,,,,,,,,
gtfo_BLR_title;Grant Byelorussia Independence;;;;;;;;;;;;;,,,,,,,,,,,,,,,,,,,,,,,,,,
gtfo_BLR_desc;We've had a good run, but it's time to end our rulership of Byelorussia.;;;;;;;;;;;;;,,,,,,,,,,,,,,,,,,,,,,,,,
gtfo_PSV_title;Grant Pskov Independence;;;;;;;;;;;;;,,,,,,,,,,,,,,,,,,,,,,,,,,
gtfo_PSV_desc;We've had a good run, but it's time to end our rulership of Pskov.;;;;;;;;;;;;;,,,,,,,,,,,,,,,,,,,,,,,,,
gtfo_KRL_title;Grant Courland Independence;;;;;;;;;;;;;,,,,,,,,,,,,,,,,,,,,,,,,,,
gtfo_KRL_desc;We've had a good run, but it's time to end our rulership of Courland.;;;;;;;;;;;;;,,,,,,,,,,,,,,,,,,,,,,,,,
gtfo_ASK_title;Grant Astrakhan Independence;;;;;;;;;;;;;,,,,,,,,,,,,,,,,,,,,,,,,,,
gtfo_ASK_desc;We've had a good run, but it's time to end our rulership of Astrakhan.;;;;;;;;;;;;;,,,,,,,,,,,,,,,,,,,,,,,,,
gtfo_ALB_title;Grant Albania Independence;;;;;;;;;;;;;,,,,,,,,,,,,,,,,,,,,,,,,,,
gtfo_ALB_desc;We've had a good run, but it's time to end our rulership of Albania.;;;;;;;;;;;;;,,,,,,,,,,,,,,,,,,,,,,,,,
gtfo_BOS_title;Grant Bosnia-Herzegovina Independence;;;;;;;;;;;;;,,,,,,,,,,,,,,,,,,,,,,,,,,
gtfo_BOS_desc;We've had a good run, but it's time to end our rulership of Bosnia-Herzegovina.;;;;;;;;;;;;;,,,,,,,,,,,,,,,,,,,,,,,,,
gtfo_BUL_title;Grant Bulgaria Independence;;;;;;;;;;;;;,,,,,,,,,,,,,,,,,,,,,,,,,,
gtfo_BUL_desc;We've had a good run, but it's time to end our rulership of Bulgaria.;;;;;;;;;;;;;,,,,,,,,,,,,,,,,,,,,,,,,,
gtfo_CRO_title;Grant Illyria Independence;;;;;;;;;;;;;,,,,,,,,,,,,,,,,,,,,,,,,,,
gtfo_CRO_desc;We've had a good run, but it's time to end our rulership of Illyria.;;;;;;;;;;;;;,,,,,,,,,,,,,,,,,,,,,,,,,
gtfo_CYP_title;Grant Cyprus Independence;;;;;;;;;;;;;,,,,,,,,,,,,,,,,,,,,,,,,,,
gtfo_CYP_desc;We've had a good run, but it's time to end our rulership of Cyprus.;;;;;;;;;;;;;,,,,,,,,,,,,,,,,,,,,,,,,,
gtfo_GRE_title;Grant Greece Independence;;;;;;;;;;;;;,,,,,,,,,,,,,,,,,,,,,,,,,,
gtfo_GRE_desc;We've had a good run, but it's time to end our rulership of Greece.;;;;;;;;;;;;;,,,,,,,,,,,,,,,,,,,,,,,,,
gtfo_MOL_title;Grant Moldavia Independence;;;;;;;;;;;;;,,,,,,,,,,,,,,,,,,,,,,,,,,
gtfo_MOL_desc;We've had a good run, but it's time to end our rulership of Moldavia.;;;;;;;;;;;;;,,,,,,,,,,,,,,,,,,,,,,,,,
gtfo_MON_title;Grant Montenegro Independence;;;;;;;;;;;;;,,,,,,,,,,,,,,,,,,,,,,,,,,
gtfo_MON_desc;We've had a good run, but it's time to end our rulership of Montenegro.;;;;;;;;;;;;;,,,,,,,,,,,,,,,,,,,,,,,,,
gtfo_ROM_title;Grant Romania Independence;;;;;;;;;;;;;,,,,,,,,,,,,,,,,,,,,,,,,,,
gtfo_ROM_desc;We've had a good run, but it's time to end our rulership of Romania.;;;;;;;;;;;;;,,,,,,,,,,,,,,,,,,,,,,,,,
gtfo_SER_title;Grant Serbia Independence;;;;;;;;;;;;;,,,,,,,,,,,,,,,,,,,,,,,,,,
gtfo_SER_desc;We've had a good run, but it's time to end our rulership of Serbia.;;;;;;;;;;;;;,,,,,,,,,,,,,,,,,,,,,,,,,
gtfo_SLO_title;Grant Slovenia Independence;;;;;;;;;;;;;,,,,,,,,,,,,,,,,,,,,,,,,,,
gtfo_SLO_desc;We've had a good run, but it's time to end our rulership of Slovenia.;;;;;;;;;;;;;,,,,,,,,,,,,,,,,,,,,,,,,,
gtfo_WAL_title;Grant Wallachia Independence;;;;;;;;;;;;;,,,,,,,,,,,,,,,,,,,,,,,,,,
gtfo_WAL_desc;We've had a good run, but it's time to end our rulership of Wallachia.;;;;;;;;;;;;;,,,,,,,,,,,,,,,,,,,,,,,,,
gtfo_YUG_title;Grant Yugoslavia Independence;;;;;;;;;;;;;,,,,,,,,,,,,,,,,,,,,,,,,,,
gtfo_YUG_desc;We've had a good run, but it's time to end our rulership of Yugoslavia.;;;;;;;;;;;;;,,,,,,,,,,,,,,,,,,,,,,,,,
gtfo_MAC_title;Grant Macedonia Independence;;;;;;;;;;;;;,,,,,,,,,,,,,,,,,,,,,,,,,,
gtfo_MAC_desc;We've had a good run, but it's time to end our rulership of Macedonia.;;;;;;;;;;;;;,,,,,,,,,,,,,,,,,,,,,,,,,
gtfo_SLA_title;Grant Slavonia Independence;;;;;;;;;;;;;,,,,,,,,,,,,,,,,,,,,,,,,,,
gtfo_SLA_desc;We've had a good run, but it's time to end our rulership of Slavonia.;;;;;;;;;;;;;,,,,,,,,,,,,,,,,,,,,,,,,,
gtfo_BAD_title;Grant Baden Independence;;;;;;;;;;;;;,,,,,,,,,,,,,,,,,,,,,,,,,,
gtfo_BAD_desc;We've had a good run, but it's time to end our rulership of Baden.;;;;;;;;;;;;;,,,,,,,,,,,,,,,,,,,,,,,,,
gtfo_BAV_title;Grant Bavaria Independence;;;;;;;;;;;;;,,,,,,,,,,,,,,,,,,,,,,,,,,
gtfo_BAV_desc;We've had a good run, but it's time to end our rulership of Bavaria.;;;;;;;;;;;;;,,,,,,,,,,,,,,,,,,,,,,,,,
gtfo_BEG_title;Grant Berg Independence;;;;;;;;;;;;;,,,,,,,,,,,,,,,,,,,,,,,,,,
gtfo_BEG_desc;We've had a good run, but it's time to end our rulership of Berg.;;;;;;;;;;;;;,,,,,,,,,,,,,,,,,,,,,,,,,
gtfo_BRA_title;Grant Braunschweig Independence;;;;;;;;;;;;;,,,,,,,,,,,,,,,,,,,,,,,,,,
gtfo_BRA_desc;We've had a good run, but it's time to end our rulership of Braunschweig.;;;;;;;;;;;;;,,,,,,,,,,,,,,,,,,,,,,,,,
gtfo_BRE_title;Grant Bremen Independence;;;;;;;;;;;;;,,,,,,,,,,,,,,,,,,,,,,,,,,
gtfo_BRE_desc;We've had a good run, but it's time to end our rulership of Bremen.;;;;;;;;;;;;;,,,,,,,,,,,,,,,,,,,,,,,,,
gtfo_BRN_title;Grant Brandenburg Independence;;;;;;;;;;;;;,,,,,,,,,,,,,,,,,,,,,,,,,,
gtfo_BRN_desc;We've had a good run, but it's time to end our rulership of Brandenburg.;;;;;;;;;;;;;,,,,,,,,,,,,,,,,,,,,,,,,,
gtfo_CAE_title;Grant the Elbian Confederation  Independence;;;;;;;;;;;;;,,,,,,,,,,,,,,,,,,,,,,,,,,
gtfo_CAE_desc;We've had a good run, but it's time to end our rulership of the Elbian Confederation .;;;;;;;;;;;;;,,,,,,,,,,,,,,,,,,,,,,,,,
gtfo_FRI_title;Grant East Frisia Independence;;;;;;;;;;;;;,,,,,,,,,,,,,,,,,,,,,,,,,,
gtfo_FRI_desc;We've had a good run, but it's time to end our rulership of East Frisia.;;;;;;;;;;;;;,,,,,,,,,,,,,,,,,,,,,,,,,
gtfo_FRM_title;Grant Frankfurt am Main Independence;;;;;;;;;;;;;,,,,,,,,,,,,,,,,,,,,,,,,,,
gtfo_FRM_desc;We've had a good run, but it's time to end our rulership of Frankfurt am Main.;;;;;;;;;;;;;,,,,,,,,,,,,,,,,,,,,,,,,,
gtfo_HAN_title;Grant Hanover Independence;;;;;;;;;;;;;,,,,,,,,,,,,,,,,,,,,,,,,,,
gtfo_HAN_desc;We've had a good run, but it's time to end our rulership of Hanover.;;;;;;;;;;;;;,,,,,,,,,,,,,,,,,,,,,,,,,
gtfo_HEK_title;Grant Hesse-Kassel Independence;;;;;;;;;;;;;,,,,,,,,,,,,,,,,,,,,,,,,,,
gtfo_HEK_desc;We've had a good run, but it's time to end our rulership of Hesse-Kassel.;;;;;;;;;;;;;,,,,,,,,,,,,,,,,,,,,,,,,,
gtfo_HES_title;Grant Hesse-Darmstadt Independence;;;;;;;;;;;;;,,,,,,,,,,,,,,,,,,,,,,,,,,
gtfo_HES_desc;We've had a good run, but it's time to end our rulership of Hesse-Darmstadt.;;;;;;;;;;;;;,,,,,,,,,,,,,,,,,,,,,,,,,
gtfo_HOL_title;Grant Holstein Independence;;;;;;;;;;;;;,,,,,,,,,,,,,,,,,,,,,,,,,,
gtfo_HOL_desc;We've had a good run, but it's time to end our rulership of Holstein.;;;;;;;;;;;;;,,,,,,,,,,,,,,,,,,,,,,,,,
gtfo_LIP_title;Grant Lippe-Detmold Independence;;;;;;;;;;;;;,,,,,,,,,,,,,,,,,,,,,,,,,,
gtfo_LIP_desc;We've had a good run, but it's time to end our rulership of Lippe-Detmold.;;;;;;;;;;;;;,,,,,,,,,,,,,,,,,,,,,,,,,
gtfo_MNR_title;Grant Munster Independence;;;;;;;;;;;;;,,,,,,,,,,,,,,,,,,,,,,,,,,
gtfo_MNR_desc;We've had a good run, but it's time to end our rulership of Munster.;;;;;;;;;;;;;,,,,,,,,,,,,,,,,,,,,,,,,,
gtfo_NAS_title;Grant Nassau Independence;;;;;;;;;;;;;,,,,,,,,,,,,,,,,,,,,,,,,,,
gtfo_NAS_desc;We've had a good run, but it's time to end our rulership of Nassau.;;;;;;;;;;;;;,,,,,,,,,,,,,,,,,,,,,,,,,
gtfo_NGF_title;Grant the League of Berlin Independence;;;;;;;;;;;;;,,,,,,,,,,,,,,,,,,,,,,,,,,
gtfo_NGF_desc;We've had a good run, but it's time to end our rulership of the League of Berlin.;;;;;;;;;;;;;,,,,,,,,,,,,,,,,,,,,,,,,,
gtfo_OLD_title;Grant Oldenburg Independence;;;;;;;;;;;;;,,,,,,,,,,,,,,,,,,,,,,,,,,
gtfo_OLD_desc;We've had a good run, but it's time to end our rulership of Oldenburg.;;;;;;;;;;;;;,,,,,,,,,,,,,,,,,,,,,,,,,
gtfo_POM_title;Grant Pomerania Independence;;;;;;;;;;;;;,,,,,,,,,,,,,,,,,,,,,,,,,,
gtfo_POM_desc;We've had a good run, but it's time to end our rulership of Pomerania.;;;;;;;;;;;;;,,,,,,,,,,,,,,,,,,,,,,,,,
gtfo_RHI_title;Grant Rhineland Independence;;;;;;;;;;;;;,,,,,,,,,,,,,,,,,,,,,,,,,,
gtfo_RHI_desc;We've had a good run, but it's time to end our rulership of Rhineland.;;;;;;;;;;;;;,,,,,,,,,,,,,,,,,,,,,,,,,
gtfo_SAL_title;Grant Salzburg Independence;;;;;;;;;;;;;,,,,,,,,,,,,,,,,,,,,,,,,,,
gtfo_SAL_desc;We've had a good run, but it's time to end our rulership of Salzburg.;;;;;;;;;;;;;,,,,,,,,,,,,,,,,,,,,,,,,,
gtfo_SAX_title;Grant Saxony Independence;;;;;;;;;;;;;,,,,,,,,,,,,,,,,,,,,,,,,,,
gtfo_SAX_desc;We've had a good run, but it's time to end our rulership of Saxony.;;;;;;;;;;;;;,,,,,,,,,,,,,,,,,,,,,,,,,
gtfo_SCH_title;Grant Schleswig Independence;;;;;;;;;;;;;,,,,,,,,,,,,,,,,,,,,,,,,,,
gtfo_SCH_desc;We've had a good run, but it's time to end our rulership of Schleswig.;;;;;;;;;;;;;,,,,,,,,,,,,,,,,,,,,,,,,,
gtfo_SGF_title;Grant the Danubian Confederation Independence;;;;;;;;;;;;;,,,,,,,,,,,,,,,,,,,,,,,,,,
gtfo_SGF_desc;We've had a good run, but it's time to end our rulership of the Danubian Confederation.;;;;;;;;;;;;;,,,,,,,,,,,,,,,,,,,,,,,,,
gtfo_SIL_title;Grant Silesia Independence;;;;;;;;;;;;;,,,,,,,,,,,,,,,,,,,,,,,,,,
gtfo_SIL_desc;We've had a good run, but it's time to end our rulership of Silesia.;;;;;;;;;;;;;,,,,,,,,,,,,,,,,,,,,,,,,,
gtfo_THU_title;Grant Thuringia Independence;;;;;;;;;;;;;,,,,,,,,,,,,,,,,,,,,,,,,,,
gtfo_THU_desc;We've had a good run, but it's time to end our rulership of Thuringia.;;;;;;;;;;;;;,,,,,,,,,,,,,,,,,,,,,,,,,
gtfo_TIR_title;Grant Tyrol Independence;;;;;;;;;;;;;,,,,,,,,,,,,,,,,,,,,,,,,,,
gtfo_TIR_desc;We've had a good run, but it's time to end our rulership of Tyrol.;;;;;;;;;;;;;,,,,,,,,,,,,,,,,,,,,,,,,,
gtfo_WES_title;Grant Westphalia Independence;;;;;;;;;;;;;,,,,,,,,,,,,,,,,,,,,,,,,,,
gtfo_WES_desc;We've had a good run, but it's time to end our rulership of Westphalia.;;;;;;;;;;;;;,,,,,,,,,,,,,,,,,,,,,,,,,
gtfo_WUR_title;Grant Württemberg Independence;;;;;;;;;;;;;,,,,,,,,,,,,,,,,,,,,,,,,,,
gtfo_WUR_desc;We've had a good run, but it's time to end our rulership of Württemberg.;;;;;;;;;;;;;,,,,,,,,,,,,,,,,,,,,,,,,,
gtfo_SIB_title;Grant Sibir Independence;;;;;;;;;;;;;,,,,,,,,,,,,,,,,,,,,,,,,,,
gtfo_SIB_desc;We've had a good run, but it's time to end our rulership of Sibir.;;;;;;;;;;;;;,,,,,,,,,,,,,,,,,,,,,,,,,
gtfo_TSS_title;Grant Trans-Siberia Independence;;;;;;;;;;;;;,,,,,,,,,,,,,,,,,,,,,,,,,,
gtfo_TSS_desc;We've had a good run, but it's time to end our rulership of Trans-Siberia.;;;;;;;;;;;;;,,,,,,,,,,,,,,,,,,,,,,,,,
gtfo_YKT_title;Grant Yakutia Independence;;;;;;;;;;;;;,,,,,,,,,,,,,,,,,,,,,,,,,,
gtfo_YKT_desc;We've had a good run, but it's time to end our rulership of Yakutia.;;;;;;;;;;;;;,,,,,,,,,,,,,,,,,,,,,,,,,
gtfo_ALH_title;Grant Al Haasa Independence;;;;;;;;;;;;;,,,,,,,,,,,,,,,,,,,,,,,,,,
gtfo_ALH_desc;We've had a good run, but it's time to end our rulership of Al Haasa.;;;;;;;;;;;;;,,,,,,,,,,,,,,,,,,,,,,,,,
gtfo_UAR_title;Grant the United Arab Republic Independence;;;;;;;;;;;;;,,,,,,,,,,,,,,,,,,,,,,,,,,
gtfo_UAR_desc;We've had a good run, but it's time to end our rulership of the United Arab Republic.;;;;;;;;;;;;;,,,,,,,,,,,,,,,,,,,,,,,,,
gtfo_JOR_title;Grant Jordan Independence;;;;;;;;;;;;;,,,,,,,,,,,,,,,,,,,,,,,,,,
gtfo_JOR_desc;We've had a good run, but it's time to end our rulership of Jordan.;;;;;;;;;;;;;,,,,,,,,,,,,,,,,,,,,,,,,,
gtfo_MGH_title;Grant Maghreb Independence;;;;;;;;;;;;;,,,,,,,,,,,,,,,,,,,,,,,,,,
gtfo_MGH_desc;We've had a good run, but it's time to end our rulership of Maghreb.;;;;;;;;;;;;;,,,,,,,,,,,,,,,,,,,,,,,,,
gtfo_PLS_title;Grant Al-Quds Independence;;;;;;;;;;;;;,,,,,,,,,,,,,,,,,,,,,,,,,,
gtfo_PLS_desc;We've had a good run, but it's time to end our rulership of Al-Quds.;;;;;;;;;;;;;,,,,,,,,,,,,,,,,,,,,,,,,,
gtfo_SYR_title;Grant Syria Independence;;;;;;;;;;;;;,,,,,,,,,,,,,,,,,,,,,,,,,,
gtfo_SYR_desc;We've had a good run, but it's time to end our rulership of Syria.;;;;;;;;;;;;;,,,,,,,,,,,,,,,,,,,,,,,,,
gtfo_KZH_title;Grant Kazakhstan Independence;;;;;;;;;;;;;,,,,,,,,,,,,,,,,,,,,,,,,,,
gtfo_KZH_desc;We've had a good run, but it's time to end our rulership of Kazakhstan.;;;;;;;;;;;;;,,,,,,,,,,,,,,,,,,,,,,,,,
gtfo_TJK_title;Grant Tajikistan Independence;;;;;;;;;;;;;,,,,,,,,,,,,,,,,,,,,,,,,,,
gtfo_TJK_desc;We've had a good run, but it's time to end our rulership of Tajikistan.;;;;;;;;;;;;;,,,,,,,,,,,,,,,,,,,,,,,,,
gtfo_UGH_title;Grant Uyghuristan Independence;;;;;;;;;;;;;,,,,,,,,,,,,,,,,,,,,,,,,,,
gtfo_UGH_desc;We've had a good run, but it's time to end our rulership of Uyghuristan.;;;;;;;;;;;;;,,,,,,,,,,,,,,,,,,,,,,,,,
gtfo_TKS_title;Grant Turania Independence;;;;;;;;;;;;;,,,,,,,,,,,,,,,,,,,,,,,,,,
gtfo_TKS_desc;We've had a good run, but it's time to end our rulership of Turania.;;;;;;;;;;;;;,,,,,,,,,,,,,,,,,,,,,,,,,
gtfo_ERI_title;Grant Eritrea Independence;;;;;;;;;;;;;,,,,,,,,,,,,,,,,,,,,,,,,,,
gtfo_ERI_desc;We've had a good run, but it's time to end our rulership of Eritrea.;;;;;;;;;;;;;,,,,,,,,,,,,,,,,,,,,,,,,,
gtfo_KUR_title;Grant Kurdistan Independence;;;;;;;;;;;;;,,,,,,,,,,,,,,,,,,,,,,,,,,
gtfo_KUR_desc;We've had a good run, but it's time to end our rulership of Kurdistan.;;;;;;;;;;;;;,,,,,,,,,,,,,,,,,,,,,,,,,
gtfo_CHG_title;Grant the Dzungar Khanate Independence;;;;;;;;;;;;;,,,,,,,,,,,,,,,,,,,,,,,,,,
gtfo_CHG_desc;We've had a good run, but it's time to end our rulership of the Dzungar Khanate.;;;;;;;;;;;;;,,,,,,,,,,,,,,,,,,,,,,,,,
gtfo_ABU_title;Grant Abu Dhabi Independence;;;;;;;;;;;;;,,,,,,,,,,,,,,,,,,,,,,,,,,
gtfo_ABU_desc;We've had a good run, but it's time to end our rulership of Abu Dhabi.;;;;;;;;;;;;;,,,,,,,,,,,,,,,,,,,,,,,,,
gtfo_AFG_title;Grant Afghanistan Independence;;;;;;;;;;;;;,,,,,,,,,,,,,,,,,,,,,,,,,,
gtfo_AFG_desc;We've had a good run, but it's time to end our rulership of Afghanistan.;;;;;;;;;;;;;,,,,,,,,,,,,,,,,,,,,,,,,,
gtfo_ARM_title;Grant Armenia Independence;;;;;;;;;;;;;,,,,,,,,,,,,,,,,,,,,,,,,,,
gtfo_ARM_desc;We've had a good run, but it's time to end our rulership of Armenia.;;;;;;;;;;;;;,,,,,,,,,,,,,,,,,,,,,,,,,
gtfo_AZB_title;Grant Azerbaijan Independence;;;;;;;;;;;;;,,,,,,,,,,,,,,,,,,,,,,,,,,
gtfo_AZB_desc;We've had a good run, but it's time to end our rulership of Azerbaijan.;;;;;;;;;;;;;,,,,,,,,,,,,,,,,,,,,,,,,,
gtfo_GEO_title;Grant Georgia Independence;;;;;;;;;;;;;,,,,,,,,,,,,,,,,,,,,,,,,,,
gtfo_GEO_desc;We've had a good run, but it's time to end our rulership of Georgia.;;;;;;;;;;;;;,,,,,,,,,,,,,,,,,,,,,,,,,
gtfo_HDJ_title;Grant Hedjaz Independence;;;;;;;;;;;;;,,,,,,,,,,,,,,,,,,,,,,,,,,
gtfo_HDJ_desc;We've had a good run, but it's time to end our rulership of Hedjaz.;;;;;;;;;;;;;,,,,,,,,,,,,,,,,,,,,,,,,,
gtfo_IRQ_title;Grant Iraq Independence;;;;;;;;;;;;;,,,,,,,,,,,,,,,,,,,,,,,,,,
gtfo_IRQ_desc;We've had a good run, but it's time to end our rulership of Iraq.;;;;;;;;;;;;;,,,,,,,,,,,,,,,,,,,,,,,,,
gtfo_KHI_title;Grant Khiva Independence;;;;;;;;;;;;;,,,,,,,,,,,,,,,,,,,,,,,,,,
gtfo_KHI_desc;We've had a good run, but it's time to end our rulership of Khiva.;;;;;;;;;;;;;,,,,,,,,,,,,,,,,,,,,,,,,,
gtfo_NOG_title;Grant Nogai Independence;;;;;;;;;;;;;,,,,,,,,,,,,,,,,,,,,,,,,,,
gtfo_NOG_desc;We've had a good run, but it's time to end our rulership of Nogai.;;;;;;;;;;;;;,,,,,,,,,,,,,,,,,,,,,,,,,
gtfo_CIR_title;Grant Circassia Independence;;;;;;;;;;;;;,,,,,,,,,,,,,,,,,,,,,,,,,,
gtfo_CIR_desc;We've had a good run, but it's time to end our rulership of Circassia.;;;;;;;;;;;;;,,,,,,,,,,,,,,,,,,,,,,,,,
gtfo_DAG_title;Grant Dagestan Independence;;;;;;;;;;;;;,,,,,,,,,,,,,,,,,,,,,,,,,,
gtfo_DAG_desc;We've had a good run, but it's time to end our rulership of Dagestan.;;;;;;;;;;;;;,,,,,,,,,,,,,,,,,,,,,,,,,
gtfo_KOK_title;Grant Kokand Independence;;;;;;;;;;;;;,,,,,,,,,,,,,,,,,,,,,,,,,,
gtfo_KOK_desc;We've had a good run, but it's time to end our rulership of Kokand.;;;;;;;;;;;;;,,,,,,,,,,,,,,,,,,,,,,,,,
gtfo_NEJ_title;Grant Nejd Independence;;;;;;;;;;;;;,,,,,,,,,,,,,,,,,,,,,,,,,,
gtfo_NEJ_desc;We've had a good run, but it's time to end our rulership of Nejd.;;;;;;;;;;;;;,,,,,,,,,,,,,,,,,,,,,,,,,
gtfo_OMA_title;Grant Oman Independence;;;;;;;;;;;;;,,,,,,,,,,,,,,,,,,,,,,,,,,
gtfo_OMA_desc;We've had a good run, but it's time to end our rulership of Oman.;;;;;;;;;;;;;,,,,,,,,,,,,,,,,,,,,,,,,,
gtfo_YEM_title;Grant Yemen Independence;;;;;;;;;;;;;,,,,,,,,,,,,,,,,,,,,,,,,,,
gtfo_YEM_desc;We've had a good run, but it's time to end our rulership of Yemen.;;;;;;;;;;;;;,,,,,,,,,,,,,,,,,,,,,,,,,
gtfo_UZB_title;Grant Uzbekistan Independence;;;;;;;;;;;;;,,,,,,,,,,,,,,,,,,,,,,,,,,
gtfo_UZB_desc;We've had a good run, but it's time to end our rulership of Uzbekistan.;;;;;;;;;;;;;,,,,,,,,,,,,,,,,,,,,,,,,,
gtfo_TNT_title;Grant Tannu Tuva Independence;;;;;;;;;;;;;,,,,,,,,,,,,,,,,,,,,,,,,,,
gtfo_TNT_desc;We've had a good run, but it's time to end our rulership of Tannu Tuva.;;;;;;;;;;;;;,,,,,,,,,,,,,,,,,,,,,,,,,
gtfo_PER_title;Grant Persia Independence;;;;;;;;;;;;;,,,,,,,,,,,,,,,,,,,,,,,,,,
gtfo_PER_desc;We've had a good run, but it's time to end our rulership of Persia.;;;;;;;;;;;;;,,,,,,,,,,,,,,,,,,,,,,,,,
gtfo_QAJ_title;Grant Teheran Independence;;;;;;;;;;;;;,,,,,,,,,,,,,,,,,,,,,,,,,,
gtfo_QAJ_desc;We've had a good run, but it's time to end our rulership of Teheran.;;;;;;;;;;;;;,,,,,,,,,,,,,,,,,,,,,,,,,
gtfo_ZND_title;Grant Kerman Independence;;;;;;;;;;;;;,,,,,,,,,,,,,,,,,,,,,,,,,,
gtfo_ZND_desc;We've had a good run, but it's time to end our rulership of Kerman.;;;;;;;;;;;;;,,,,,,,,,,,,,,,,,,,,,,,,,
gtfo_AFS_title;Grant Askhabad Independence;;;;;;;;;;;;;,,,,,,,,,,,,,,,,,,,,,,,,,,
gtfo_AFS_desc;We've had a good run, but it's time to end our rulership of Askhabad.;;;;;;;;;;;;;,,,,,,,,,,,,,,,,,,,,,,,,,
gtfo_BEN_title;Grant Bengal Independence;;;;;;;;;;;;;,,,,,,,,,,,,,,,,,,,,,,,,,,
gtfo_BEN_desc;We've had a good run, but it's time to end our rulership of Bengal.;;;;;;;;;;;;;,,,,,,,,,,,,,,,,,,,,,,,,,
gtfo_BIH_title;Grant Bihar Independence;;;;;;;;;;;;;,,,,,,,,,,,,,,,,,,,,,,,,,,
gtfo_BIH_desc;We've had a good run, but it's time to end our rulership of Bihar.;;;;;;;;;;;;;,,,,,,,,,,,,,,,,,,,,,,,,,
gtfo_KAL_title;Grant Baluchistan Independence;;;;;;;;;;;;;,,,,,,,,,,,,,,,,,,,,,,,,,,
gtfo_KAL_desc;We've had a good run, but it's time to end our rulership of Baluchistan.;;;;;;;;;;;;;,,,,,,,,,,,,,,,,,,,,,,,,,
gtfo_DRA_title;Grant Dravida Independence;;;;;;;;;;;;;,,,,,,,,,,,,,,,,,,,,,,,,,,
gtfo_DRA_desc;We've had a good run, but it's time to end our rulership of Dravida.;;;;;;;;;;;;;,,,,,,,,,,,,,,,,,,,,,,,,,
gtfo_MDR_title;Grant Madurai Independence;;;;;;;;;;;;;,,,,,,,,,,,,,,,,,,,,,,,,,,
gtfo_MDR_desc;We've had a good run, but it's time to end our rulership of Madurai.;;;;;;;;;;;;;,,,,,,,,,,,,,,,,,,,,,,,,,
gtfo_RAJ_title;Grant Rajputana Independence;;;;;;;;;;;;;,,,,,,,,,,,,,,,,,,,,,,,,,,
gtfo_RAJ_desc;We've had a good run, but it's time to end our rulership of Rajputana.;;;;;;;;;;;;;,,,,,,,,,,,,,,,,,,,,,,,,,
gtfo_SRL_title;Grant Sri Lanka Independence;;;;;;;;;;;;;,,,,,,,,,,,,,,,,,,,,,,,,,,
gtfo_SRL_desc;We've had a good run, but it's time to end our rulership of Sri Lanka.;;;;;;;;;;;;;,,,,,,,,,,,,,,,,,,,,,,,,,
gtfo_BHA_title;Grant Bharata Independence;;;;;;;;;;;;;,,,,,,,,,,,,,,,,,,,,,,,,,,
gtfo_BHA_desc;We've had a good run, but it's time to end our rulership of Bharata.;;;;;;;;;;;;;,,,,,,,,,,,,,,,,,,,,,,,,,
gtfo_VIJ_title;Grant Vijayanagar Independence;;;;;;;;;;;;;,,,,,,,,,,,,,,,,,,,,,,,,,,
gtfo_VIJ_desc;We've had a good run, but it's time to end our rulership of Vijayanagar.;;;;;;;;;;;;;,,,,,,,,,,,,,,,,,,,,,,,,,
gtfo_HND_title;Grant Hindustan Independence;;;;;;;;;;;;;,,,,,,,,,,,,,,,,,,,,,,,,,,
gtfo_HND_desc;We've had a good run, but it's time to end our rulership of Hindustan.;;;;;;;;;;;;;,,,,,,,,,,,,,,,,,,,,,,,,,
gtfo_AWA_title;Grant Awadh Independence;;;;;;;;;;;;;,,,,,,,,,,,,,,,,,,,,,,,,,,
gtfo_AWA_desc;We've had a good run, but it's time to end our rulership of Awadh.;;;;;;;;;;;;;,,,,,,,,,,,,,,,,,,,,,,,,,
gtfo_BER_title;Grant Beroda Independence;;;;;;;;;;;;;,,,,,,,,,,,,,,,,,,,,,,,,,,
gtfo_BER_desc;We've had a good run, but it's time to end our rulership of Beroda.;;;;;;;;;;;;;,,,,,,,,,,,,,,,,,,,,,,,,,
gtfo_BHO_title;Grant Maharashtra Independence;;;;;;;;;;;;;,,,,,,,,,,,,,,,,,,,,,,,,,,
gtfo_BHO_desc;We've had a good run, but it's time to end our rulership of Maharashtra.;;;;;;;;;;;;;,,,,,,,,,,,,,,,,,,,,,,,,,
gtfo_BIK_title;Grant Bikaner Independence;;;;;;;;;;;;;,,,,,,,,,,,,,,,,,,,,,,,,,,
gtfo_BIK_desc;We've had a good run, but it's time to end our rulership of Bikaner.;;;;;;;;;;;;;,,,,,,,,,,,,,,,,,,,,,,,,,
gtfo_BUN_title;Grant Bundelkhand Independence;;;;;;;;;;;;;,,,,,,,,,,,,,,,,,,,,,,,,,,
gtfo_BUN_desc;We've had a good run, but it's time to end our rulership of Bundelkhand.;;;;;;;;;;;;;,,,,,,,,,,,,,,,,,,,,,,,,,
gtfo_GWA_title;Grant Gwalior Independence;;;;;;;;;;;;;,,,,,,,,,,,,,,,,,,,,,,,,,,
gtfo_GWA_desc;We've had a good run, but it's time to end our rulership of Gwalior.;;;;;;;;;;;;;,,,,,,,,,,,,,,,,,,,,,,,,,
gtfo_HYD_title;Grant Hyderabad Independence;;;;;;;;;;;;;,,,,,,,,,,,,,,,,,,,,,,,,,,
gtfo_HYD_desc;We've had a good run, but it's time to end our rulership of Hyderabad.;;;;;;;;;;;;;,,,,,,,,,,,,,,,,,,,,,,,,,
gtfo_JAI_title;Grant Jaipur Independence;;;;;;;;;;;;;,,,,,,,,,,,,,,,,,,,,,,,,,,
gtfo_JAI_desc;We've had a good run, but it's time to end our rulership of Jaipur.;;;;;;;;;;;;;,,,,,,,,,,,,,,,,,,,,,,,,,
gtfo_JAS_title;Grant Jaisalmer Independence;;;;;;;;;;;;;,,,,,,,,,,,,,,,,,,,,,,,,,,
gtfo_JAS_desc;We've had a good run, but it's time to end our rulership of Jaisalmer.;;;;;;;;;;;;;,,,,,,,,,,,,,,,,,,,,,,,,,
gtfo_JOD_title;Grant Jodhpur Independence;;;;;;;;;;;;;,,,,,,,,,,,,,,,,,,,,,,,,,,
gtfo_JOD_desc;We've had a good run, but it's time to end our rulership of Jodhpur.;;;;;;;;;;;;;,,,,,,,,,,,,,,,,,,,,,,,,,
gtfo_KAS_title;Grant Kashmir Independence;;;;;;;;;;;;;,,,,,,,,,,,,,,,,,,,,,,,,,,
gtfo_KAS_desc;We've had a good run, but it's time to end our rulership of Kashmir.;;;;;;;;;;;;;,,,,,,,,,,,,,,,,,,,,,,,,,
gtfo_LAD_title;Grant Ladakh Independence;;;;;;;;;;;;;,,,,,,,,,,,,,,,,,,,,,,,,,,
gtfo_LAD_desc;We've had a good run, but it's time to end our rulership of Ladakh.;;;;;;;;;;;;;,,,,,,,,,,,,,,,,,,,,,,,,,
gtfo_MEW_title;Grant Mewar Independence;;;;;;;;;;;;;,,,,,,,,,,,,,,,,,,,,,,,,,,
gtfo_MEW_desc;We've had a good run, but it's time to end our rulership of Mewar.;;;;;;;;;;;;;,,,,,,,,,,,,,,,,,,,,,,,,,
gtfo_MYS_title;Grant Mysore Independence;;;;;;;;;;;;;,,,,,,,,,,,,,,,,,,,,,,,,,,
gtfo_MYS_desc;We've had a good run, but it's time to end our rulership of Mysore.;;;;;;;;;;;;;,,,,,,,,,,,,,,,,,,,,,,,,,
gtfo_NAG_title;Grant Nagpur Independence;;;;;;;;;;;;;,,,,,,,,,,,,,,,,,,,,,,,,,,
gtfo_NAG_desc;We've had a good run, but it's time to end our rulership of Nagpur.;;;;;;;;;;;;;,,,,,,,,,,,,,,,,,,,,,,,,,
gtfo_NEP_title;Grant Nepal Independence;;;;;;;;;;;;;,,,,,,,,,,,,,,,,,,,,,,,,,,
gtfo_NEP_desc;We've had a good run, but it's time to end our rulership of Nepal.;;;;;;;;;;;;;,,,,,,,,,,,,,,,,,,,,,,,,,
gtfo_ORI_title;Grant Orissa Independence;;;;;;;;;;;;;,,,,,,,,,,,,,,,,,,,,,,,,,,
gtfo_ORI_desc;We've had a good run, but it's time to end our rulership of Orissa.;;;;;;;;;;;;;,,,,,,,,,,,,,,,,,,,,,,,,,
gtfo_PNJ_title;Grant Panjab Independence;;;;;;;;;;;;;,,,,,,,,,,,,,,,,,,,,,,,,,,
gtfo_PNJ_desc;We've had a good run, but it's time to end our rulership of Panjab.;;;;;;;;;;;;;,,,,,,,,,,,,,,,,,,,,,,,,,
gtfo_SHI_title;Grant Shimla Independence;;;;;;;;;;;;;,,,,,,,,,,,,,,,,,,,,,,,,,,
gtfo_SHI_desc;We've had a good run, but it's time to end our rulership of Shimla.;;;;;;;;;;;;;,,,,,,,,,,,,,,,,,,,,,,,,,
gtfo_SIK_title;Grant Sikkim Independence;;;;;;;;;;;;;,,,,,,,,,,,,,,,,,,,,,,,,,,
gtfo_SIK_desc;We've had a good run, but it's time to end our rulership of Sikkim.;;;;;;;;;;;;;,,,,,,,,,,,,,,,,,,,,,,,,,
gtfo_SIN_title;Grant Sindh Independence;;;;;;;;;;;;;,,,,,,,,,,,,,,,,,,,,,,,,,,
gtfo_SIN_desc;We've had a good run, but it's time to end our rulership of Sindh.;;;;;;;;;;;;;,,,,,,,,,,,,,,,,,,,,,,,,,
gtfo_TRA_title;Grant Travancore Independence;;;;;;;;;;;;;,,,,,,,,,,,,,,,,,,,,,,,,,,
gtfo_TRA_desc;We've had a good run, but it's time to end our rulership of Travancore.;;;;;;;;;;;;;,,,,,,,,,,,,,,,,,,,,,,,,,
gtfo_ADR_title;Grant Andhra Independence;;;;;;;;;;;;;,,,,,,,,,,,,,,,,,,,,,,,,,,
gtfo_ADR_desc;We've had a good run, but it's time to end our rulership of Andhra.;;;;;;;;;;;;;,,,,,,,,,,,,,,,,,,,,,,,,,
gtfo_OYO_title;Grant Oyo Independence;;;;;;;;;;;;;,,,,,,,,,,,,,,,,,,,,,,,,,,
gtfo_OYO_desc;We've had a good run, but it's time to end our rulership of Oyo.;;;;;;;;;;;;;,,,,,,,,,,,,,,,,,,,,,,,,,
gtfo_NRI_title;Grant Nri Independence;;;;;;;;;;;;;,,,,,,,,,,,,,,,,,,,,,,,,,,
gtfo_NRI_desc;We've had a good run, but it's time to end our rulership of Nri.;;;;;;;;;;;;;,,,,,,,,,,,,,,,,,,,,,,,,,
gtfo_ZIM_title;Grant Mutapa Independence;;;;;;;;;;;;;,,,,,,,,,,,,,,,,,,,,,,,,,,
gtfo_ZIM_desc;We've had a good run, but it's time to end our rulership of Mutapa.;;;;;;;;;;;;;,,,,,,,,,,,,,,,,,,,,,,,,,
gtfo_ADW_title;Grant Adamawa Independence;;;;;;;;;;;;;,,,,,,,,,,,,,,,,,,,,,,,,,,
gtfo_ADW_desc;We've had a good run, but it's time to end our rulership of Adamawa.;;;;;;;;;;;;;,,,,,,,,,,,,,,,,,,,,,,,,,
gtfo_KNO_title;Grant Kano Independence;;;;;;;;;;;;;,,,,,,,,,,,,,,,,,,,,,,,,,,
gtfo_KNO_desc;We've had a good run, but it's time to end our rulership of Kano.;;;;;;;;;;;;;,,,,,,,,,,,,,,,,,,,,,,,,,
gtfo_ILO_title;Grant Ilorin Independence;;;;;;;;;;;;;,,,,,,,,,,,,,,,,,,,,,,,,,,
gtfo_ILO_desc;We've had a good run, but it's time to end our rulership of Ilorin.;;;;;;;;;;;;;,,,,,,,,,,,,,,,,,,,,,,,,,
gtfo_DHY_title;Grant Dahomey Independence;;;;;;;;;;;;;,,,,,,,,,,,,,,,,,,,,,,,,,,
gtfo_DHY_desc;We've had a good run, but it's time to end our rulership of Dahomey.;;;;;;;;;;;;;,,,,,,,,,,,,,,,,,,,,,,,,,
gtfo_WTT_title;Grant Wattara Independence;;;;;;;;;;;;;,,,,,,,,,,,,,,,,,,,,,,,,,,
gtfo_WTT_desc;We've had a good run, but it's time to end our rulership of Wattara.;;;;;;;;;;;;;,,,,,,,,,,,,,,,,,,,,,,,,,
gtfo_KAN_title;Grant Kanem-Bornu Independence;;;;;;;;;;;;;,,,,,,,,,,,,,,,,,,,,,,,,,,
gtfo_KAN_desc;We've had a good run, but it's time to end our rulership of Kanem-Bornu.;;;;;;;;;;;;;,,,,,,,,,,,,,,,,,,,,,,,,,
gtfo_GRQ_title;Grant Vryland Independence;;;;;;;;;;;;;,,,,,,,,,,,,,,,,,,,,,,,,,,
gtfo_GRQ_desc;We've had a good run, but it's time to end our rulership of Vryland.;;;;;;;;;;;;;,,,,,,,,,,,,,,,,,,,,,,,,,
gtfo_LWE_title;Grant Leeuwin Independence;;;;;;;;;;;;;,,,,,,,,,,,,,,,,,,,,,,,,,,
gtfo_LWE_desc;We've had a good run, but it's time to end our rulership of Leeuwin.;;;;;;;;;;;;;,,,,,,,,,,,,,,,,,,,,,,,,,
gtfo_NFL_title;Grant Nuweflander Independence;;;;;;;;;;;;;,,,,,,,,,,,,,,,,,,,,,,,,,,
gtfo_NFL_desc;We've had a good run, but it's time to end our rulership of Nuweflander.;;;;;;;;;;;;;,,,,,,,,,,,,,,,,,,,,,,,,,
gtfo_BTV_title;Grant Batavia Independence;;;;;;;;;;;;;,,,,,,,,,,,,,,,,,,,,,,,,,,
gtfo_BTV_desc;We've had a good run, but it's time to end our rulership of Batavia.;;;;;;;;;;;;;,,,,,,,,,,,,,,,,,,,,,,,,,
gtfo_FJA_title;Grant Fuuta Jallon Independence;;;;;;;;;;;;;,,,,,,,,,,,,,,,,,,,,,,,,,,
gtfo_FJA_desc;We've had a good run, but it's time to end our rulership of Fuuta Jallon.;;;;;;;;;;;;;,,,,,,,,,,,,,,,,,,,,,,,,,
gtfo_FUN_title;Grant Soudan Independence;;;;;;;;;;;;;,,,,,,,,,,,,,,,,,,,,,,,,,,
gtfo_FUN_desc;We've had a good run, but it's time to end our rulership of Soudan.;;;;;;;;;;;;;,,,,,,,,,,,,,,,,,,,,,,,,,
gtfo_ALD_title;Grant Numidia Independence;;;;;;;;;;;;;,,,,,,,,,,,,,,,,,,,,,,,,,,
gtfo_ALD_desc;We've had a good run, but it's time to end our rulership of Numidia.;;;;;;;;;;;;;,,,,,,,,,,,,,,,,,,,,,,,,,
gtfo_EGY_title;Grant Egypt Independence;;;;;;;;;;;;;,,,,,,,,,,,,,,,,,,,,,,,,,,
gtfo_EGY_desc;We've had a good run, but it's time to end our rulership of Egypt.;;;;;;;;;;;;;,,,,,,,,,,,,,,,,,,,,,,,,,
gtfo_ETH_title;Grant Ethiopia Independence;;;;;;;;;;;;;,,,,,,,,,,,,,,,,,,,,,,,,,,
gtfo_ETH_desc;We've had a good run, but it's time to end our rulership of Ethiopia.;;;;;;;;;;;;;,,,,,,,,,,,,,,,,,,,,,,,,,
gtfo_AMT_title;Grant Amatsa Independence;;;;;;;;;;;;;,,,,,,,,,,,,,,,,,,,,,,,,,,
gtfo_AMT_desc;We've had a good run, but it's time to end our rulership of Amatsa.;;;;;;;;;;;;;,,,,,,,,,,,,,,,,,,,,,,,,,
gtfo_ADA_title;Grant Adal Independence;;;;;;;;;;;;;,,,,,,,,,,,,,,,,,,,,,,,,,,
gtfo_ADA_desc;We've had a good run, but it's time to end our rulership of Adal.;;;;;;;;;;;;;,,,,,,,,,,,,,,,,,,,,,,,,,
gtfo_ORO_title;Grant Oromyia Independence;;;;;;;;;;;;;,,,,,,,,,,,,,,,,,,,,,,,,,,
gtfo_ORO_desc;We've had a good run, but it's time to end our rulership of Oromyia.;;;;;;;;;;;;;,,,,,,,,,,,,,,,,,,,,,,,,,
gtfo_MAD_title;Grant Merina Independence;;;;;;;;;;;;;,,,,,,,,,,,,,,,,,,,,,,,,,,
gtfo_MAD_desc;We've had a good run, but it's time to end our rulership of Merina.;;;;;;;;;;;;;,,,,,,,,,,,,,,,,,,,,,,,,,
gtfo_MOR_title;Grant Mauretania Independence;;;;;;;;;;;;;,,,,,,,,,,,,,,,,,,,,,,,,,,
gtfo_MOR_desc;We've had a good run, but it's time to end our rulership of Mauretania.;;;;;;;;;;;;;,,,,,,,,,,,,,,,,,,,,,,,,,
gtfo_SAF_title;Grant the Cape Republic Independence;;;;;;;;;;;;;,,,,,,,,,,,,,,,,,,,,,,,,,,
gtfo_SAF_desc;We've had a good run, but it's time to end our rulership of the Cape Republic.;;;;;;;;;;;;;,,,,,,,,,,,,,,,,,,,,,,,,,
gtfo_LBY_title;Grant Libya Independence;;;;;;;;;;;;;,,,,,,,,,,,,,,,,,,,,,,,,,,
gtfo_LBY_desc;We've had a good run, but it's time to end our rulership of Libya.;;;;;;;;;;;;;,,,,,,,,,,,,,,,,,,,,,,,,,
gtfo_SOK_title;Grant Sokoto Independence;;;;;;;;;;;;;,,,,,,,,,,,,,,,,,,,,,,,,,,
gtfo_SOK_desc;We've had a good run, but it's time to end our rulership of Sokoto.;;;;;;;;;;;;;,,,,,,,,,,,,,,,,,,,,,,,,,
gtfo_TRI_title;Grant Tripoli Independence;;;;;;;;;;;;;,,,,,,,,,,,,,,,,,,,,,,,,,,
gtfo_TRI_desc;We've had a good run, but it's time to end our rulership of Tripoli.;;;;;;;;;;;;;,,,,,,,,,,,,,,,,,,,,,,,,,
gtfo_TRN_title;Grant Transkaap Independence;;;;;;;;;;;;;,,,,,,,,,,,,,,,,,,,,,,,,,,
gtfo_TRN_desc;We've had a good run, but it's time to end our rulership of Transkaap.;;;;;;;;;;;;;,,,,,,,,,,,,,,,,,,,,,,,,,
gtfo_TUN_title;Grant Tunisia Independence;;;;;;;;;;;;;,,,,,,,,,,,,,,,,,,,,,,,,,,
gtfo_TUN_desc;We've had a good run, but it's time to end our rulership of Tunisia.;;;;;;;;;;;;;,,,,,,,,,,,,,,,,,,,,,,,,,
gtfo_ZAN_title;Grant Zanzibar Independence;;;;;;;;;;;;;,,,,,,,,,,,,,,,,,,,,,,,,,,
gtfo_ZAN_desc;We've had a good run, but it's time to end our rulership of Zanzibar.;;;;;;;;;;;;;,,,,,,,,,,,,,,,,,,,,,,,,,
gtfo_ZUL_title;Grant Zulu Independence;;;;;;;;;;;;;,,,,,,,,,,,,,,,,,,,,,,,,,,
gtfo_ZUL_desc;We've had a good run, but it's time to end our rulership of Zulu.;;;;;;;;;;;;;,,,,,,,,,,,,,,,,,,,,,,,,,
gtfo_MAL_title;Grant the Mossi Empire Independence;;;;;;;;;;;;;,,,,,,,,,,,,,,,,,,,,,,,,,,
gtfo_MAL_desc;We've had a good run, but it's time to end our rulership of the Mossi Empire.;;;;;;;;;;;;;,,,,,,,,,,,,,,,,,,,,,,,,,
gtfo_ANG_title;Grant Vestpost Independence;;;;;;;;;;;;;,,,,,,,,,,,,,,,,,,,,,,,,,,
gtfo_ANG_desc;We've had a good run, but it's time to end our rulership of Vestpost.;;;;;;;;;;;;;,,,,,,,,,,,,,,,,,,,,,,,,,
gtfo_AZA_title;Grant Azande Independence;;;;;;;;;;;;;,,,,,,,,,,,,,,,,,,,,,,,,,,
gtfo_AZA_desc;We've had a good run, but it's time to end our rulership of Azande.;;;;;;;;;;;;;,,,,,,,,,,,,,,,,,,,,,,,,,
gtfo_BRD_title;Grant Burundi Independence;;;;;;;;;;;;;,,,,,,,,,,,,,,,,,,,,,,,,,,
gtfo_BRD_desc;We've had a good run, but it's time to end our rulership of Burundi.;;;;;;;;;;;;;,,,,,,,,,,,,,,,,,,,,,,,,,
gtfo_BUG_title;Grant Buganda Independence;;;;;;;;;;;;;,,,,,,,,,,,,,,,,,,,,,,,,,,
gtfo_BUG_desc;We've had a good run, but it's time to end our rulership of Buganda.;;;;;;;;;;;;;,,,,,,,,,,,,,,,,,,,,,,,,,
gtfo_CYR_title;Grant Cyrenaica Independence;;;;;;;;;;;;;,,,,,,,,,,,,,,,,,,,,,,,,,,
gtfo_CYR_desc;We've had a good run, but it's time to end our rulership of Cyrenaica.;;;;;;;;;;;;;,,,,,,,,,,,,,,,,,,,,,,,,,
gtfo_DAR_title;Grant Darfour Independence;;;;;;;;;;;;;,,,,,,,,,,,,,,,,,,,,,,,,,,
gtfo_DAR_desc;We've had a good run, but it's time to end our rulership of Darfour.;;;;;;;;;;;;;,,,,,,,,,,,,,,,,,,,,,,,,,
gtfo_AJU_title;Grant Ajuuraan State Independence;;;;;;;;;;;;;,,,,,,,,,,,,,,,,,,,,,,,,,,
gtfo_AJU_desc;We've had a good run, but it's time to end our rulership of Ajuuraan State.;;;;;;;;;;;;;,,,,,,,,,,,,,,,,,,,,,,,,,
gtfo_RWA_title;Grant Rwanda Independence;;;;;;;;;;;;;,,,,,,,,,,,,,,,,,,,,,,,,,,
gtfo_RWA_desc;We've had a good run, but it's time to end our rulership of Rwanda.;;;;;;;;;;;;;,,,,,,,,,,,,,,,,,,,,,,,,,
gtfo_SLE_title;Grant Leonia Independence;;;;;;;;;;;;;,,,,,,,,,,,,,,,,,,,,,,,,,,
gtfo_SLE_desc;We've had a good run, but it's time to end our rulership of Leonia.;;;;;;;;;;;;;,,,,,,,,,,,,,,,,,,,,,,,,,
gtfo_TSW_title;Grant Botswana Independence;;;;;;;;;;;;;,,,,,,,,,,,,,,,,,,,,,,,,,,
gtfo_TSW_desc;We've had a good run, but it's time to end our rulership of Botswana.;;;;;;;;;;;;;,,,,,,,,,,,,,,,,,,,,,,,,,
gtfo_KKN_title;Grant Kita Kaigan Independence;;;;;;;;;;;;;,,,,,,,,,,,,,,,,,,,,,,,,,,
gtfo_KKN_desc;We've had a good run, but it's time to end our rulership of Kita Kaigan.;;;;;;;;;;;;;,,,,,,,,,,,,,,,,,,,,,,,,,
gtfo_AIN_title;Grant Ainu Independence;;;;;;;;;;;;;,,,,,,,,,,,,,,,,,,,,,,,,,,
gtfo_AIN_desc;We've had a good run, but it's time to end our rulership of Ainu.;;;;;;;;;;;;;,,,,,,,,,,,,,,,,,,,,,,,,,
gtfo_ARY_title;Grant Aryanam Independence;;;;;;;;;;;;;,,,,,,,,,,,,,,,,,,,,,,,,,,
gtfo_ARY_desc;We've had a good run, but it's time to end our rulership of Aryanam.;;;;;;;;;;;;;,,,,,,,,,,,,,,,,,,,,,,,,,
gtfo_KLM_title;Grant Kalimantan Independence;;;;;;;;;;;;;,,,,,,,,,,,,,,,,,,,,,,,,,,
gtfo_KLM_desc;We've had a good run, but it's time to end our rulership of Kalimantan.;;;;;;;;;;;;;,,,,,,,,,,,,,,,,,,,,,,,,,
gtfo_KTI_title;Grant Kutai Independence;;;;;;;;;;;;;,,,,,,,,,,,,,,,,,,,,,,,,,,
gtfo_KTI_desc;We've had a good run, but it's time to end our rulership of Kutai.;;;;;;;;;;;;;,,,,,,,,,,,,,,,,,,,,,,,,,
gtfo_SUL_title;Grant Sulu Independence;;;;;;;;;;;;;,,,,,,,,,,,,,,,,,,,,,,,,,,
gtfo_SUL_desc;We've had a good run, but it's time to end our rulership of Sulu.;;;;;;;;;;;;;,,,,,,,,,,,,,,,,,,,,,,,,,
gtfo_MCK_title;Grant the Qing Empire Independence;;;;;;;;;;;;;,,,,,,,,,,,,,,,,,,,,,,,,,,
gtfo_MCK_desc;We've had a good run, but it's time to end our rulership of the Qing Empire.;;;;;;;;;;;;;,,,,,,,,,,,,,,,,,,,,,,,,,
gtfo_MCH_title;Grant Manchukuo Independence;;;;;;;;;;;;;,,,,,,,,,,,,,,,,,,,,,,,,,,
gtfo_MCH_desc;We've had a good run, but it's time to end our rulership of Manchukuo.;;;;;;;;;;;;;,,,,,,,,,,,,,,,,,,,,,,,,,
gtfo_MIG_title;Grant Nanjing Independence;;;;;;;;;;;;;,,,,,,,,,,,,,,,,,,,,,,,,,,
gtfo_MIG_desc;We've had a good run, but it's time to end our rulership of Nanjing.;;;;;;;;;;;;;,,,,,,,,,,,,,,,,,,,,,,,,,
gtfo_TNG_title;Grant Tungning Independence;;;;;;;;;;;;;,,,,,,,,,,,,,,,,,,,,,,,,,,
gtfo_TNG_desc;We've had a good run, but it's time to end our rulership of Tungning.;;;;;;;;;;;;;,,,,,,,,,,,,,,,,,,,,,,,,,
gtfo_TAI_title;Grant the Taiping Empire Independence;;;;;;;;;;;;;,,,,,,,,,,,,,,,,,,,,,,,,,,
gtfo_TAI_desc;We've had a good run, but it's time to end our rulership of the Taiping Empire.;;;;;;;;;;;;;,,,,,,,,,,,,,,,,,,,,,,,,,
gtfo_DAX_title;Grant Sichuan Independence;;;;;;;;;;;;;,,,,,,,,,,,,,,,,,,,,,,,,,,
gtfo_DAX_desc;We've had a good run, but it's time to end our rulership of Sichuan.;;;;;;;;;;;;;,,,,,,,,,,,,,,,,,,,,,,,,,
gtfo_SHU_title;Grant Shaanxi Independence;;;;;;;;;;;;;,,,,,,,,,,,,,,,,,,,,,,,,,,
gtfo_SHU_desc;We've had a good run, but it's time to end our rulership of Shaanxi.;;;;;;;;;;;;;,,,,,,,,,,,,,,,,,,,,,,,,,
gtfo_CHP_title;Grant Champa Independence;;;;;;;;;;;;;,,,,,,,,,,,,,,,,,,,,,,,,,,
gtfo_CHP_desc;We've had a good run, but it's time to end our rulership of Champa.;;;;;;;;;;;;;,,,,,,,,,,,,,,,,,,,,,,,,,
gtfo_LFG_title;Grant Lanfang Independence;;;;;;;;;;;;;,,,,,,,,,,,,,,,,,,,,,,,,,,
gtfo_LFG_desc;We've had a good run, but it's time to end our rulership of Lanfang.;;;;;;;;;;;;;,,,,,,,,,,,,,,,,,,,,,,,,,
gtfo_MKS_title;Grant Makassar Independence;;;;;;;;;;;;;,,,,,,,,,,,,,,,,,,,,,,,,,,
gtfo_MKS_desc;We've had a good run, but it's time to end our rulership of Makassar.;;;;;;;;;;;;;,,,,,,,,,,,,,,,,,,,,,,,,,
gtfo_TON_title;Grant Tondo Independence;;;;;;;;;;;;;,,,,,,,,,,,,,,,,,,,,,,,,,,
gtfo_TON_desc;We've had a good run, but it's time to end our rulership of Tondo.;;;;;;;;;;;;;,,,,,,,,,,,,,,,,,,,,,,,,,
gtfo_MLD_title;Grant Maldives Independence;;;;;;;;;;;;;,,,,,,,,,,,,,,,,,,,,,,,,,,
gtfo_MLD_desc;We've had a good run, but it's time to end our rulership of Maldives.;;;;;;;;;;;;;,,,,,,,,,,,,,,,,,,,,,,,,,
gtfo_PAT_title;Grant Pattani Independence;;;;;;;;;;;;;,,,,,,,,,,,,,,,,,,,,,,,,,,
gtfo_PAT_desc;We've had a good run, but it's time to end our rulership of Pattani.;;;;;;;;;;;;;,,,,,,,,,,,,,,,,,,,,,,,,,
gtfo_PLM_title;Grant Palembang Independence;;;;;;;;;;;;;,,,,,,,,,,,,,,,,,,,,,,,,,,
gtfo_PLM_desc;We've had a good run, but it's time to end our rulership of Palembang.;;;;;;;;;;;;;,,,,,,,,,,,,,,,,,,,,,,,,,
gtfo_ATJ_title;Grant Atjeh Independence;;;;;;;;;;;;;,,,,,,,,,,,,,,,,,,,,,,,,,,
gtfo_ATJ_desc;We've had a good run, but it's time to end our rulership of Atjeh.;;;;;;;;;;;;;,,,,,,,,,,,,,,,,,,,,,,,,,
gtfo_BAL_title;Grant Bali Independence;;;;;;;;;;;;;,,,,,,,,,,,,,,,,,,,,,,,,,,
gtfo_BAL_desc;We've had a good run, but it's time to end our rulership of Bali.;;;;;;;;;;;;;,,,,,,,,,,,,,,,,,,,,,,,,,
gtfo_BHU_title;Grant Bhutan Independence;;;;;;;;;;;;;,,,,,,,,,,,,,,,,,,,,,,,,,,
gtfo_BHU_desc;We've had a good run, but it's time to end our rulership of Bhutan.;;;;;;;;;;;;;,,,,,,,,,,,,,,,,,,,,,,,,,
gtfo_BRU_title;Grant Brunei Independence;;;;;;;;;;;;;,,,,,,,,,,,,,,,,,,,,,,,,,,
gtfo_BRU_desc;We've had a good run, but it's time to end our rulership of Brunei.;;;;;;;;;;;;;,,,,,,,,,,,,,,,,,,,,,,,,,
gtfo_BUR_title;Grant Taungu Independence;;;;;;;;;;;;;,,,,,,,,,,,,,,,,,,,,,,,,,,
gtfo_BUR_desc;We've had a good run, but it's time to end our rulership of Taungu.;;;;;;;;;;;;;,,,,,,,,,,,,,,,,,,,,,,,,,
gtfo_CAM_title;Grant the Khmer Empire Independence;;;;;;;;;;;;;,,,,,,,,,,,,,,,,,,,,,,,,,,
gtfo_CAM_desc;We've had a good run, but it's time to end our rulership of the Khmer Empire.;;;;;;;;;;;;;,,,,,,,,,,,,,,,,,,,,,,,,,
gtfo_DAI_title;Grant Dai Nam Independence;;;;;;;;;;;;;,,,,,,,,,,,,,,,,,,,,,,,,,,
gtfo_DAI_desc;We've had a good run, but it's time to end our rulership of Dai Nam.;;;;;;;;;;;;;,,,,,,,,,,,,,,,,,,,,,,,,,
gtfo_JAV_title;Grant Java Independence;;;;;;;;;;;;;,,,,,,,,,,,,,,,,,,,,,,,,,,
gtfo_JAV_desc;We've had a good run, but it's time to end our rulership of Java.;;;;;;;;;;;;;,,,,,,,,,,,,,,,,,,,,,,,,,
gtfo_KOR_title;Grant Korea Independence;;;;;;;;;;;;;,,,,,,,,,,,,,,,,,,,,,,,,,,
gtfo_KOR_desc;We've had a good run, but it's time to end our rulership of Korea.;;;;;;;;;;;;;,,,,,,,,,,,,,,,,,,,,,,,,,
gtfo_LUA_title;Grant Lan Xang Independence;;;;;;;;;;;;;,,,,,,,,,,,,,,,,,,,,,,,,,,
gtfo_LUA_desc;We've had a good run, but it's time to end our rulership of Lan Xang.;;;;;;;;;;;;;,,,,,,,,,,,,,,,,,,,,,,,,,
gtfo_JOH_title;Grant Malacca Independence;;;;;;;;;;;;;,,,,,,,,,,,,,,,,,,,,,,,,,,
gtfo_JOH_desc;We've had a good run, but it's time to end our rulership of Malacca.;;;;;;;;;;;;;,,,,,,,,,,,,,,,,,,,,,,,,,
gtfo_SIA_title;Grant Thonburi Independence;;;;;;;;;;;;;,,,,,,,,,,,,,,,,,,,,,,,,,,
gtfo_SIA_desc;We've had a good run, but it's time to end our rulership of Thonburi.;;;;;;;;;;;;;,,,,,,,,,,,,,,,,,,,,,,,,,
gtfo_TIB_title;Grant Tibet Independence;;;;;;;;;;;;;,,,,,,,,,,,,,,,,,,,,,,,,,,
gtfo_TIB_desc;We've had a good run, but it's time to end our rulership of Tibet.;;;;;;;;;;;;;,,,,,,,,,,,,,,,,,,,,,,,,,
gtfo_MGL_title;Grant Mongolia Independence;;;;;;;;;;;;;,,,,,,,,,,,,,,,,,,,,,,,,,,
gtfo_MGL_desc;We've had a good run, but it's time to end our rulership of Mongolia.;;;;;;;;;;;;;,,,,,,,,,,,,,,,,,,,,,,,,,
gtfo_XBI_title;Grant Tangut Independence;;;;;;;;;;;;;,,,,,,,,,,,,,,,,,,,,,,,,,,
gtfo_XBI_desc;We've had a good run, but it's time to end our rulership of Tangut.;;;;;;;;;;;;;,,,,,,,,,,,,,,,,,,,,,,,,,
gtfo_NUS_title;Grant Nusantara Independence;;;;;;;;;;;;;,,,,,,,,,,,,,,,,,,,,,,,,,,
gtfo_NUS_desc;We've had a good run, but it's time to end our rulership of Nusantara.;;;;;;;;;;;;;,,,,,,,,,,,,,,,,,,,,,,,,,
gtfo_MUG_title;Grant Mughal Empire Independence;;;;;;;;;;;;;,,,,,,,,,,,,,,,,,,,,,,,,,,
gtfo_MUG_desc;We've had a good run, but it's time to end our rulership of Mughal Empire.;;;;;;;;;;;;;,,,,,,,,,,,,,,,,,,,,,,,,,
gtfo_IND_title;Grant Indonesia Independence;;;;;;;;;;;;;,,,,,,,,,,,,,,,,,,,,,,,,,,
gtfo_IND_desc;We've had a good run, but it's time to end our rulership of Indonesia.;;;;;;;;;;;;;,,,,,,,,,,,,,,,,,,,,,,,,,
gtfo_CHR_title;Grant Christiania Independence;;;;;;;;;;;;;,,,,,,,,,,,,,,,,,,,,,,,,,,
gtfo_CHR_desc;We've had a good run, but it's time to end our rulership of Christiania.;;;;;;;;;;;;;,,,,,,,,,,,,,,,,,,,,,,,,,
gtfo_AOT_title;Grant Aotearoa Independence;;;;;;;;;;;;;,,,,,,,,,,,,,,,,,,,,,,,,,,
gtfo_AOT_desc;We've had a good run, but it's time to end our rulership of Aotearoa.;;;;;;;;;;;;;,,,,,,,,,,,,,,,,,,,,,,,,,
gtfo_PLC_title;Grant the Commonwealth Independence;;;;;;;;;;;;;,,,,,,,,,,,,,,,,,,,,,,,,,,
gtfo_PLC_desc;We've had a good run, but it's time to end our rulership of the Commonwealth.;;;;;;;;;;;;;,,,,,,,,,,,,,,,,,,,,,,,,,
gtfo_UBD_title;Grant New Courland Independence;;;;;;;;;;;;;,,,,,,,,,,,,,,,,,,,,,,,,,,
gtfo_UBD_desc;We've had a good run, but it's time to end our rulership of New Courland.;;;;;;;;;;;;;,,,,,,,,,,,,,,,,,,,,,,,,,
gtfo_FIN_title;Grant Finland Independence;;;;;;;;;;;;;,,,,,,,,,,,,,,,,,,,,,,,,,,
gtfo_FIN_desc;We've had a good run, but it's time to end our rulership of Finland.;;;;;;;;;;;;;,,,,,,,,,,,,,,,,,,,,,,,,,
gtfo_SCA_title;Grant Scandinavia Independence;;;;;;;;;;;;;,,,,,,,,,,,,,,,,,,,,,,,,,,
gtfo_SCA_desc;We've had a good run, but it's time to end our rulership of Scandinavia.;;;;;;;;;;;;;,,,,,,,,,,,,,,,,,,,,,,,,,
gtfo_ICL_title;Grant Iceland Independence;;;;;;;;;;;;;,,,,,,,,,,,,,,,,,,,,,,,,,,
gtfo_ICL_desc;We've had a good run, but it's time to end our rulership of Iceland.;;;;;;;;;;;;;,,,,,,,,,,,,,,,,,,,,,,,,,
gtfo_ANI_title;Grant Anishinabe Independence;;;;;;;;;;;;;,,,,,,,,,,,,,,,,,,,,,,,,,,
gtfo_ANI_desc;We've had a good run, but it's time to end our rulership of Anishinabe.;;;;;;;;;;;;;,,,,,,,,,,,,,,,,,,,,,,,,,
gtfo_ATS_title;Grant Athesia Independence;;;;;;;;;;;;;,,,,,,,,,,,,,,,,,,,,,,,,,,
gtfo_ATS_desc;We've had a good run, but it's time to end our rulership of Athesia.;;;;;;;;;;;;;,,,,,,,,,,,,,,,,,,,,,,,,,
gtfo_AZT_title;Grant Aztlan Independence;;;;;;;;;;;;;,,,,,,,,,,,,,,,,,,,,,,,,,,
gtfo_AZT_desc;We've had a good run, but it's time to end our rulership of Aztlan.;;;;;;;;;;;;;,,,,,,,,,,,,,,,,,,,,,,,,,
gtfo_CHE_title;Grant Tsalagihi Ayeli Independence;;;;;;;;;;;;;,,,,,,,,,,,,,,,,,,,,,,,,,,
gtfo_CHE_desc;We've had a good run, but it's time to end our rulership of Tsalagihi Ayeli.;;;;;;;;;;;;;,,,,,,,,,,,,,,,,,,,,,,,,,
gtfo_CUB_title;Grant Kuba Independence;;;;;;;;;;;;;,,,,,,,,,,,,,,,,,,,,,,,,,,
gtfo_CUB_desc;We've had a good run, but it's time to end our rulership of Kuba.;;;;;;;;;;;;;,,,,,,,,,,,,,,,,,,,,,,,,,
gtfo_DIN_title;Grant Dine Bikeyah Independence;;;;;;;;;;;;;,,,,,,,,,,,,,,,,,,,,,,,,,,
gtfo_DIN_desc;We've had a good run, but it's time to end our rulership of Dine Bikeyah.;;;;;;;;;;;;;,,,,,,,,,,,,,,,,,,,,,,,,,
gtfo_DNG_title;Grant Qingqiu Independence;;;;;;;;;;;;;,,,,,,,,,,,,,,,,,,,,,,,,,,
gtfo_DNG_desc;We've had a good run, but it's time to end our rulership of Qingqiu.;;;;;;;;;;;;;,,,,,,,,,,,,,,,,,,,,,,,,,
gtfo_ELS_title;Grant San Salvador Independence;;;;;;;;;;;;;,,,,,,,,,,,,,,,,,,,,,,,,,,
gtfo_ELS_desc;We've had a good run, but it's time to end our rulership of San Salvador.;;;;;;;;;;;;;,,,,,,,,,,,,,,,,,,,,,,,,,
gtfo_HAW_title;Grant Hawaii Independence;;;;;;;;;;;;;,,,,,,,,,,,,,,,,,,,,,,,,,,
gtfo_HAW_desc;We've had a good run, but it's time to end our rulership of Hawaii.;;;;;;;;;;;;;,,,,,,,,,,,,,,,,,,,,,,,,,
gtfo_HHR_title;Grant Rohnnst Independence;;;;;;;;;;;;;,,,,,,,,,,,,,,,,,,,,,,,,,,
gtfo_HHR_desc;We've had a good run, but it's time to end our rulership of Rohnnst.;;;;;;;;;;;;;,,,,,,,,,,,,,,,,,,,,,,,,,
gtfo_IRO_title;Grant Haudenosaunee Independence;;;;;;;;;;;;;,,,,,,,,,,,,,,,,,,,,,,,,,,
gtfo_IRO_desc;We've had a good run, but it's time to end our rulership of Haudenosaunee.;;;;;;;;;;;;;,,,,,,,,,,,,,,,,,,,,,,,,,
gtfo_JAM_title;Grant Eendrachtsland Independence;;;;;;;;;;;;;,,,,,,,,,,,,,,,,,,,,,,,,,,
gtfo_JAM_desc;We've had a good run, but it's time to end our rulership of Eendrachtsland.;;;;;;;;;;;;;,,,,,,,,,,,,,,,,,,,,,,,,,
gtfo_JLS_title;Grant Jalisco Independence;;;;;;;;;;;;;,,,,,,,,,,,,,,,,,,,,,,,,,,
gtfo_JLS_desc;We've had a good run, but it's time to end our rulership of Jalisco.;;;;;;;;;;;;;,,,,,,,,,,,,,,,,,,,,,,,,,
gtfo_LST_title;Grant Lusitania Independence;;;;;;;;;;;;;,,,,,,,,,,,,,,,,,,,,,,,,,,
gtfo_LST_desc;We've had a good run, but it's time to end our rulership of Lusitania.;;;;;;;;;;;;;,,,,,,,,,,,,,,,,,,,,,,,,,
gtfo_MEX_title;Grant Mexico Independence;;;;;;;;;;;;;,,,,,,,,,,,,,,,,,,,,,,,,,,
gtfo_MEX_desc;We've had a good run, but it's time to end our rulership of Mexico.;;;;;;;;;;;;;,,,,,,,,,,,,,,,,,,,,,,,,,
gtfo_NBG_title;Grant the Belgian Confederacy Independence;;;;;;;;;;;;;,,,,,,,,,,,,,,,,,,,,,,,,,,
gtfo_NBG_desc;We've had a good run, but it's time to end our rulership of the Belgian Confederacy.;;;;;;;;;;;;;,,,,,,,,,,,,,,,,,,,,,,,,,
gtfo_NIC_title;Grant Matacalpa Independence;;;;;;;;;;;;;,,,,,,,,,,,,,,,,,,,,,,,,,,
gtfo_NIC_desc;We've had a good run, but it's time to end our rulership of Matacalpa.;;;;;;;;;;;;;,,,,,,,,,,,,,,,,,,,,,,,,,
gtfo_NUN_title;Grant Nunavut Independence;;;;;;;;;;;;;,,,,,,,,,,,,,,,,,,,,,,,,,,
gtfo_NUN_desc;We've had a good run, but it's time to end our rulership of Nunavut.;;;;;;;;;;;;;,,,,,,,,,,,,,,,,,,,,,,,,,
gtfo_PNM_title;Grant Andagoya Independence;;;;;;;;;;;;;,,,,,,,,,,,,,,,,,,,,,,,,,,
gtfo_PNM_desc;We've had a good run, but it's time to end our rulership of Andagoya.;;;;;;;;;;;;;,,,,,,,,,,,,,,,,,,,,,,,,,
gtfo_OCE_title;Grant Oceti Sakowin Independence;;;;;;;;;;;;;,,,,,,,,,,,,,,,,,,,,,,,,,,
gtfo_OCE_desc;We've had a good run, but it's time to end our rulership of Oceti Sakowin.;;;;;;;;;;;;;,,,,,,,,,,,,,,,,,,,,,,,,,
gtfo_PLA_title;Grant Plantagenia Independence;;;;;;;;;;;;;,,,,,,,,,,,,,,,,,,,,,,,,,,
gtfo_PLA_desc;We've had a good run, but it's time to end our rulership of Plantagenia.;;;;;;;;;;;;;,,,,,,,,,,,,,,,,,,,,,,,,,
gtfo_PUR_title;Grant Purepecha Independence;;;;;;;;;;;;;,,,,,,,,,,,,,,,,,,,,,,,,,,
gtfo_PUR_desc;We've had a good run, but it's time to end our rulership of Purepecha.;;;;;;;;;;;;;,,,,,,,,,,,,,,,,,,,,,,,,,
gtfo_RAP_title;Grant Rapa Nui Independence;;;;;;;;;;;;;,,,,,,,,,,,,,,,,,,,,,,,,,,
gtfo_RAP_desc;We've had a good run, but it's time to end our rulership of Rapa Nui.;;;;;;;;;;;;;,,,,,,,,,,,,,,,,,,,,,,,,,
gtfo_UCA_title;Grant the United Provinces of Salvador Independence;;;;;;;;;;;;;,,,,,,,,,,,,,,,,,,,,,,,,,,
gtfo_UCA_desc;We've had a good run, but it's time to end our rulership of the United Provinces of Salvador.;;;;;;;;;;;;;,,,,,,,,,,,,,,,,,,,,,,,,,
gtfo_VIN_title;Grant Vinland Independence;;;;;;;;;;;;;,,,,,,,,,,,,,,,,,,,,,,,,,,
gtfo_VIN_desc;We've had a good run, but it's time to end our rulership of Vinland.;;;;;;;;;;;;;,,,,,,,,,,,,,,,,,,,,,,,,,
gtfo_YUC_title;Grant Mayapan Independence;;;;;;;;;;;;;,,,,,,,,,,,,,,,,,,,,,,,,,,
gtfo_YUC_desc;We've had a good run, but it's time to end our rulership of Mayapan.;;;;;;;;;;;;;,,,,,,,,,,,,,,,,,,,,,,,,,
gtfo_ZAP_title;Grant Oaxaca Independence;;;;;;;;;;;;;,,,,,,,,,,,,,,,,,,,,,,,,,,
gtfo_ZAP_desc;We've had a good run, but it's time to end our rulership of Oaxaca.;;;;;;;;;;;;;,,,,,,,,,,,,,,,,,,,,,,,,,
gtfo_ATL_title;Grant Atlantia Independence;;;;;;;;;;;;;,,,,,,,,,,,,,,,,,,,,,,,,,,
gtfo_ATL_desc;We've had a good run, but it's time to end our rulership of Atlantia.;;;;;;;;;;;;;,,,,,,,,,,,,,,,,,,,,,,,,,
gtfo_AMA_title;Grant Amazonie Independence;;;;;;;;;;;;;,,,,,,,,,,,,,,,,,,,,,,,,,,
gtfo_AMA_desc;We've had a good run, but it's time to end our rulership of Amazonie.;;;;;;;;;;;;;,,,,,,,,,,,,,,,,,,,,,,,,,
gtfo_ARE_title;Grant Arequipa Independence;;;;;;;;;;;;;,,,,,,,,,,,,,,,,,,,,,,,,,,
gtfo_ARE_desc;We've had a good run, but it's time to end our rulership of Arequipa.;;;;;;;;;;;;;,,,,,,,,,,,,,,,,,,,,,,,,,
gtfo_ARU_title;Grant Purumauca Independence;;;;;;;;;;;;;,,,,,,,,,,,,,,,,,,,,,,,,,,
gtfo_ARU_desc;We've had a good run, but it's time to end our rulership of Purumauca.;;;;;;;;;;;;;,,,,,,,,,,,,,,,,,,,,,,,,,
gtfo_AVA_title;Grant Taragui Independence;;;;;;;;;;;;;,,,,,,,,,,,,,,,,,,,,,,,,,,
gtfo_AVA_desc;We've had a good run, but it's time to end our rulership of Taragui.;;;;;;;;;;;;;,,,,,,,,,,,,,,,,,,,,,,,,,
gtfo_CAS_title;Grant Castilla Independence;;;;;;;;;;;;;,,,,,,,,,,,,,,,,,,,,,,,,,,
gtfo_CAS_desc;We've had a good run, but it's time to end our rulership of Castilla.;;;;;;;;;;;;;,,,,,,,,,,,,,,,,,,,,,,,,,
gtfo_CRC_title;Grant Curacao Independence;;;;;;;;;;;;;,,,,,,,,,,,,,,,,,,,,,,,,,,
gtfo_CRC_desc;We've had a good run, but it's time to end our rulership of Curacao.;;;;;;;;;;;;;,,,,,,,,,,,,,,,,,,,,,,,,,
gtfo_CLM_title;Grant Gran Colombia Independence;;;;;;;;;;;;;,,,,,,,,,,,,,,,,,,,,,,,,,,
gtfo_CLM_desc;We've had a good run, but it's time to end our rulership of Gran Colombia.;;;;;;;;;;;;;,,,,,,,,,,,,,,,,,,,,,,,,,
gtfo_EQN_title;Grant Equinoxea Independence;;;;;;;;;;;;;,,,,,,,,,,,,,,,,,,,,,,,,,,
gtfo_EQN_desc;We've had a good run, but it's time to end our rulership of Equinoxea.;;;;;;;;;;;;;,,,,,,,,,,,,,,,,,,,,,,,,,
gtfo_GRA_title;Grant Granada Independence;;;;;;;;;;;;;,,,,,,,,,,,,,,,,,,,,,,,,,,
gtfo_GRA_desc;We've had a good run, but it's time to end our rulership of Granada.;;;;;;;;;;;;;,,,,,,,,,,,,,,,,,,,,,,,,,
gtfo_GUY_title;Grant Essequibo Independence;;;;;;;;;;;;;,,,,,,,,,,,,,,,,,,,,,,,,,,
gtfo_GUY_desc;We've had a good run, but it's time to end our rulership of Essequibo.;;;;;;;;;;;;;,,,,,,,,,,,,,,,,,,,,,,,,,
gtfo_INC_title;Grant Tawantinsuyu Independence;;;;;;;;;;;;;,,,,,,,,,,,,,,,,,,,,,,,,,,
gtfo_INC_desc;We've had a good run, but it's time to end our rulership of Tawantinsuyu.;;;;;;;;;;;;;,,,,,,,,,,,,,,,,,,,,,,,,,
gtfo_LOT_title;Grant Lotharingia Independence;;;;;;;;;;;;;,,,,,,,,,,,,,,,,,,,,,,,,,,
gtfo_LOT_desc;We've had a good run, but it's time to end our rulership of Lotharingia.;;;;;;;;;;;;;,,,,,,,,,,,,,,,,,,,,,,,,,
gtfo_NAN_title;Grant Beornia Independence;;;;;;;;;;;;;,,,,,,,,,,,,,,,,,,,,,,,,,,
gtfo_NAN_desc;We've had a good run, but it's time to end our rulership of Beornia.;;;;;;;;;;;;;,,,,,,,,,,,,,,,,,,,,,,,,,
gtfo_HBE_title;Grant the Holy Britannian Empire Independence;;;;;;;;;;;;;,,,,,,,,,,,,,,,,,,,,,,,,,,
gtfo_HBE_desc;We've had a good run, but it's time to end our rulership of the Holy Britannian Empire.;;;;;;;;;;;;;,,,,,,,,,,,,,,,,,,,,,,,,,
gtfo_QUI_title;Grant Quito Independence;;;;;;;;;;;;;,,,,,,,,,,,,,,,,,,,,,,,,,,
gtfo_QUI_desc;We've had a good run, but it's time to end our rulership of Quito.;;;;;;;;;;;;;,,,,,,,,,,,,,,,,,,,,,,,,,
gtfo_SAN_title;Grant Herreria Independence;;;;;;;;;;;;;,,,,,,,,,,,,,,,,,,,,,,,,,,
gtfo_SAN_desc;We've had a good run, but it's time to end our rulership of Herreria.;;;;;;;;;;;;;,,,,,,,,,,,,,,,,,,,,,,,,,
gtfo_TAP_title;Grant Tapajos Independence;;;;;;;;;;;;;,,,,,,,,,,,,,,,,,,,,,,,,,,
gtfo_TAP_desc;We've had a good run, but it's time to end our rulership of Tapajos.;;;;;;;;;;;;;,,,,,,,,,,,,,,,,,,,,,,,,,
gtfo_NZL_title;Grant New Zealand Independence;;;;;;;;;;;;;,,,,,,,,,,,,,,,,,,,,,,,,,,
gtfo_NZL_desc;We've had a good run, but it's time to end our rulership of New Zealand.;;;;;;;;;;;;;,,,,,,,,,,,,,,,,,,,,,,,,,
gtfo_GAN_title;Grant Zhourao Independence;;;;;;;;;;;;;,,,,,,,,,,,,,,,,,,,,,,,,,,
gtfo_GAN_desc;We've had a good run, but it's time to end our rulership of Zhourao.;;;;;;;;;;;;;,,,,,,,,,,,,,,,,,,,,,,,,,
gtfo_TUI_title;Grant the Tonga Federation Independence;;;;;;;;;;;;;,,,,,,,,,,,,,,,,,,,,,,,,,,
gtfo_TUI_desc;We've had a good run, but it's time to end our rulership of the Tonga Federation.;;;;;;;;;;;;;,,,,,,,,,,,,,,,,,,,,,,,,,
gtfo_PPU_title;Grant Papua Independence;;;;;;;;;;;;;,,,,,,,,,,,,,,,,,,,,,,,,,,
gtfo_PPU_desc;We've had a good run, but it's time to end our rulership of Papua.;;;;;;;;;;;;;,,,,,,,,,,,,,,,,,,,,,,,,,